X,Y,Z,IDOBJ,IDBURO,NUMERO,LIEU_VOT,LIEU_NOM,LIEU_SITE,LIEU_ADRES,CODCOM,COMMUNE,inscrits,2444004040,24440040_1,24440040_2,24440040_3,24440040_4,24440040_5,24440040_6,24440040_7,24440040_8,24440040_9,2444004010,2444004011,2444004012,2444004013,2444004014,2444004015,2444004016,2444004017,2444004018,2444004019
-1.558532442593434,47.218845544620891,0, 1090101,0101, 1, 1,Jean Jaures,Ecole Elementaire,11 Rue Jean Jaures,  440109,Nantes,426,0101 - Bureau de vote 0101,1035,16,426,8,418,19,20,206,4,29,134,6,4.5454545455,4.7846889952,49.2822966507,0.956937799,6.9377990431,32.0574162679,1.4354066986
-1.564665946014755,47.221610609141671,0, 1090102,0102, 2, 1,Jean Jaures,Ecole Elementaire,11 Rue Jean Jaures,  440109,Nantes,666,0102 - Bureau de vote 0102,1270,22,666,16,650,28,17,321,5,56,219,4,4.3076923077,2.6153846154,49.3846153846,0.7692307692,8.6153846154,33.6923076923,0.6153846154
-1.559450490938441,47.222557407125471,0, 1090103,0103, 3, 1,Jean Jaures,Ecole Elementaire,11 Rue Jean Jaures,  440109,Nantes,492,0103 - Bureau de vote 0103,801,25,492,13,479,22,18,216,1,41,175,6,4.5929018789,3.75782881,45.0939457203,0.2087682672,8.5594989562,36.5344467641,1.2526096033
-1.554790782373321,47.223674593200812,0, 1090104,0104, 4, 1,Jean Jaures,Ecole Elementaire,11 Rue Jean Jaures,  440109,Nantes,574,0104 - Bureau de vote 0104,1094,7,574,6,568,37,25,313,5,36,146,6,6.514084507,4.4014084507,55.1056338028,0.8802816901,6.338028169,25.7042253521,1.0563380282
-1.557719187958561,47.225511284914724,0, 1090105,0105, 5, 1,Jean Jaures,Ecole Elementaire,11 Rue Jean Jaures,  440109,Nantes,507,0105 - Bureau de vote 0105,939,12,507,9,498,29,23,231,4,45,161,5,5.8232931727,4.6184738956,46.3855421687,0.8032128514,9.0361445783,32.3293172691,1.0040160643
-1.562517453362467,47.22605316392135,0, 1090106,0106, 6, 2,Noire,Ecole Primaire,45 Rue Noire,  440109,Nantes,476,0106 - Bureau de vote 0106,710,25,476,4,472,12,7,199,2,37,212,3,2.5423728814,1.4830508475,42.1610169492,0.4237288136,7.8389830508,44.9152542373,0.6355932203
-1.565486057676372,47.225966267470653,0, 1090107,0107, 7, 2,Noire,Ecole Primaire,45 Rue Noire,  440109,Nantes,466,0107 - Bureau de vote 0107,760,16,466,9,457,23,12,219,3,35,159,6,5.0328227571,2.6258205689,47.9212253829,0.6564551422,7.658643326,34.7921225383,1.3129102845
-1.566221203217069,47.224125225927018,0, 1090108,0108, 8, 2,Noire,Ecole Primaire,45 Rue Noire,  440109,Nantes,373,0108 - Bureau de vote 0108,627,6,373,5,368,17,5,220,5,16,103,2,4.6195652174,1.3586956522,59.7826086957,1.3586956522,4.347826087,27.9891304348,0.5434782609
-1.580321254927883,47.226814043189798,0, 1090109,0109, 9, 3,Gaston Serpette,Ecole Maternelle,23 Rue Edmond Bir,  440109,Nantes,409,0109 - Bureau de vote 0109,665,8,409,7,402,19,5,204,3,44,122,5,4.7263681592,1.2437810945,50.7462686567,0.7462686567,10.9452736318,30.3482587065,1.2437810945
-1.577277089025349,47.226703346522605,0, 1090110,0110,10, 3,Gaston Serpette,Ecole Maternelle,23 Rue Edmond Bir,  440109,Nantes,436,0110 - Bureau de vote 0110,711,15,436,8,428,18,3,230,6,30,140,1,4.2056074766,0.7009345794,53.738317757,1.4018691589,7.0093457944,32.7102803738,0.2336448598
-1.574506332089494,47.225492157175097,0, 1090111,0111,11, 3,Gaston Serpette,Ecole Maternelle,23 Rue Edmond Bir,  440109,Nantes,381,0111 - Bureau de vote 0111,618,11,381,5,376,15,5,168,2,21,164,1,3.9893617021,1.329787234,44.6808510638,0.5319148936,5.585106383,43.6170212766,0.2659574468
-1.572490718243433,47.227409466384259,0, 1090112,0112,12, 3,Gaston Serpette,Ecole Maternelle,23 Rue Edmond Bir,  440109,Nantes,532,0112 - Bureau de vote 0112,842,12,532,9,523,14,7,195,3,49,251,4,2.6768642447,1.3384321224,37.2848948375,0.5736137667,9.3690248566,47.9923518164,0.7648183556
-1.57091224734629,47.225253399158454,0, 1090113,0113,13, 3,Gaston Serpette,Ecole Maternelle,23 Rue Edmond Bir,  440109,Nantes,507,0113 - Bureau de vote 0113,900,25,507,8,499,11,10,174,5,31,259,9,2.2044088176,2.004008016,34.869739479,1.002004008,6.2124248497,51.9038076152,1.8036072144
-1.568316398802126,47.227917135642066,0, 1090114,0114,14, 4,Lon Say,Ecole Elementaire,34 Rue Lon Say,  440109,Nantes,387,0114 - Bureau de vote 0114,666,16,387,6,381,13,6,157,2,39,162,2,3.4120734908,1.5748031496,41.2073490814,0.5249343832,10.2362204724,42.5196850394,0.5249343832
-1.568134205118635,47.230604506218015,0, 1090115,0115,15, 4,Lon Say,Ecole Elementaire,34 Rue Lon Say,  440109,Nantes,512,0115 - Bureau de vote 0115,801,19,512,15,497,13,3,209,3,40,227,2,2.615694165,0.6036217304,42.0523138833,0.6036217304,8.0482897384,45.6740442656,0.4024144869
-1.56437297191258,47.229927737738819,0, 1090116,0116,16, 4,Lon Say,Ecole Elementaire,34 Rue Lon Say,  440109,Nantes,479,0116 - Bureau de vote 0116,843,11,479,8,471,7,12,186,3,47,213,3,1.4861995754,2.5477707006,39.4904458599,0.6369426752,9.9787685775,45.2229299363,0.6369426752
-1.550826492388126,47.231749225946096,0, 1090117,0117,17, 5,Fellonneau,Ecole Maternelle,15 Rue Fellonneau,  440109,Nantes,536,0117 - Bureau de vote 0117,878,13,536,14,522,16,4,261,5,35,196,5,3.0651340996,0.7662835249,50,0.9578544061,6.7049808429,37.5478927203,0.9578544061
-1.553292140215677,47.232595837221844,0, 1090118,0118,18, 5,Fellonneau,Ecole Maternelle,15 Rue Fellonneau,  440109,Nantes,433,0118 - Bureau de vote 0118,720,9,433,9,424,14,12,228,6,22,136,6,3.3018867925,2.8301886792,53.7735849057,1.4150943396,5.1886792453,32.0754716981,1.4150943396
-1.555352402494491,47.229248461998331,0, 1090119,0119,19, 5,Fellonneau,Ecole Maternelle,15 Rue Fellonneau,  440109,Nantes,444,0119 - Bureau de vote 0119,801,8,444,5,439,15,11,223,4,43,136,7,3.416856492,2.5056947608,50.7972665148,0.9111617312,9.7949886105,30.979498861,1.5945330296
-1.558825586429667,47.22881375333597,0, 1090120,0120,20, 5,Fellonneau,Ecole Maternelle,15 Rue Fellonneau,  440109,Nantes,376,0120 - Bureau de vote 0120,675,11,376,4,372,12,5,173,5,28,148,1,3.2258064516,1.3440860215,46.5053763441,1.3440860215,7.5268817204,39.7849462366,0.2688172043
-1.560933532833449,47.231909982589585,0, 1090121,0121,21, 5,Fellonneau,Ecole Maternelle,15 Rue Fellonneau,  440109,Nantes,628,0121 - Bureau de vote 0121,1030,18,628,12,616,15,7,266,4,47,268,9,2.4350649351,1.1363636364,43.1818181818,0.6493506494,7.6298701299,43.5064935065,1.461038961
-1.550127268612014,47.226143455544353,0, 1090201,0201, 1, 6,Sully,Ecole Maternelle,56 Rue Prfet Bonnefoy,  440109,Nantes,614,0201 - Bureau de vote 0201,1091,14,614,5,609,27,9,276,6,50,237,4,4.4334975369,1.4778325123,45.3201970443,0.9852216749,8.210180624,38.9162561576,0.6568144499
-1.543071755778577,47.224439302597609,0, 1090202,0202, 2, 6,Sully,Ecole Maternelle,56 Rue Prfet Bonnefoy,  440109,Nantes,416,0202 - Bureau de vote 0202,798,23,416,10,406,12,17,185,4,16,169,3,2.9556650246,4.1871921182,45.5665024631,0.9852216749,3.9408866995,41.6256157635,0.7389162562
-1.548275526332082,47.223496806077947,0, 1090203,0203, 3, 6,Sully,Ecole Maternelle,56 Rue Prfet Bonnefoy,  440109,Nantes,666,0203 - Bureau de vote 0203,1201,0,666,15,651,30,30,324,8,31,223,5,4.6082949309,4.6082949309,49.7695852535,1.2288786482,4.7619047619,34.2549923195,0.7680491551
-1.546665453542074,47.219960300320537,0, 1090204,0204, 4, 6,Sully,Ecole Maternelle,56 Rue Prfet Bonnefoy,  440109,Nantes,561,0204 - Bureau de vote 0204,962,26,561,5,556,22,23,267,3,33,196,12,3.9568345324,4.1366906475,48.0215827338,0.5395683453,5.9352517986,35.2517985612,2.1582733813
-1.55103193634905,47.220479085889465,0, 1090205,0205, 5, 6,Sully,Ecole Maternelle,56 Rue Prfet Bonnefoy,  440109,Nantes,613,0205 - Bureau de vote 0205,1094,19,613,18,595,18,22,259,4,54,230,8,3.025210084,3.6974789916,43.5294117647,0.6722689076,9.0756302521,38.6554621849,1.3445378151
-1.550344595230604,47.217078382037862,0, 1090206,0206, 6, 6,Sully,Ecole Maternelle,56 Rue Prfet Bonnefoy,  440109,Nantes,478,0206 - Bureau de vote 0206,838,14,478,7,471,19,27,220,1,31,166,7,4.033970276,5.7324840764,46.7091295117,0.2123142251,6.5817409766,35.2441613588,1.4861995754
-1.547545401227734,47.228936523548214,0, 1090207,0207, 7, 7,Coudray,Ecole Elementaire,20 Rue du Coudray,  440109,Nantes,511,0207 - Bureau de vote 0207,867,30,511,10,501,18,4,205,2,25,242,5,3.5928143713,0.7984031936,40.9181636727,0.3992015968,4.9900199601,48.3033932136,0.998003992
-1.544092277749189,47.23047594628656,0, 1090208,0208, 8, 7,Coudray,Ecole Elementaire,20 Rue du Coudray,  440109,Nantes,447,0208 - Bureau de vote 0208,768,23,447,4,443,17,13,194,3,34,180,2,3.8374717833,2.934537246,43.7923250564,0.6772009029,7.6749435666,40.6320541761,0.4514672686
-1.545263719618348,47.233712335279023,0, 1090209,0209, 9, 7,Coudray,Ecole Elementaire,20 Rue du Coudray,  440109,Nantes,493,0209 - Bureau de vote 0209,751,14,493,4,489,14,10,248,3,38,169,7,2.8629856851,2.0449897751,50.7157464213,0.6134969325,7.7709611452,34.5603271984,1.4314928425
-1.539860264533727,47.232855141478765,0, 1090210,0210,10, 7,Coudray,Ecole Elementaire,20 Rue du Coudray,  440109,Nantes,438,0210 - Bureau de vote 0210,767,11,438,5,433,8,6,222,0,37,154,6,1.8475750577,1.3856812933,51.2702078522,0,8.545034642,35.5658198614,1.3856812933
-1.539942734344985,47.227036898686144,0, 1090211,0211,11, 8,Agents,Ecole Maternelle,24 Rue Casterneau,  440109,Nantes,407,0211 - Bureau de vote 0211,804,17,407,15,392,17,9,144,3,25,189,5,4.3367346939,2.2959183673,36.7346938776,0.7653061224,6.3775510204,48.2142857143,1.2755102041
-1.535719005634132,47.227128777900127,0, 1090212,0212,12, 8,Agents,Ecole Maternelle,24 Rue Casterneau,  440109,Nantes,502,0212 - Bureau de vote 0212,888,21,502,9,493,6,4,213,1,50,216,3,1.2170385396,0.8113590264,43.2048681542,0.2028397566,10.1419878296,43.8133874239,0.6085192698
-1.534241075460754,47.231439276267125,0, 1090213,0213,13, 8,Agents,Ecole Maternelle,24 Rue Casterneau,  440109,Nantes,484,0213 - Bureau de vote 0213,764,9,484,8,476,14,12,261,3,28,153,5,2.9411764706,2.5210084034,54.8319327731,0.6302521008,5.8823529412,32.1428571429,1.0504201681
-1.530353303302697,47.229169781204298,0, 1090214,0214,14, 8,Agents,Ecole Maternelle,24 Rue Casterneau,  440109,Nantes,433,0214 - Bureau de vote 0214,783,7,433,2,431,12,8,260,2,24,118,7,2.7842227378,1.8561484919,60.3248259861,0.464037123,5.5684454756,27.3781902552,1.6241299304
-1.530318067180646,47.226683460278132,0, 1090215,0215,15, 8,Agents,Ecole Maternelle,24 Rue Casterneau,  440109,Nantes,421,0215 - Bureau de vote 0215,668,7,421,7,414,22,5,244,7,22,106,8,5.3140096618,1.2077294686,58.9371980676,1.690821256,5.3140096618,25.6038647343,1.9323671498
-1.525326828696746,47.221888404540039,0, 1090216,0216,16, 9,Louis Guiotton,Ecole Maternelle,7 Rue Champenois,  440109,Nantes,489,0216 - Bureau de vote 0216,952,13,489,15,474,26,12,279,3,27,120,7,5.4852320675,2.5316455696,58.8607594937,0.6329113924,5.6962025316,25.3164556962,1.4767932489
-1.525585916700462,47.223835935617842,0, 1090217,0217,17, 9,Louis Guiotton,Ecole Maternelle,7 Rue Champenois,  440109,Nantes,499,0217 - Bureau de vote 0217,811,12,499,12,487,17,11,267,7,44,138,3,3.4907597536,2.2587268994,54.8254620123,1.4373716632,9.0349075975,28.3367556468,0.6160164271
-1.526989370294143,47.226028531447383,0, 1090218,0218,18, 9,Louis Guiotton,Ecole Maternelle,7 Rue Champenois,  440109,Nantes,541,0218 - Bureau de vote 0218,871,13,541,11,530,12,7,325,10,41,130,5,2.2641509434,1.320754717,61.320754717,1.8867924528,7.7358490566,24.5283018868,0.9433962264
-1.531911411609582,47.222291818882084,0, 1090219,0219,19, 9,Louis Guiotton,Ecole Maternelle,7 Rue Champenois,  440109,Nantes,557,0219 - Bureau de vote 0219,1174,10,557,11,546,20,6,319,6,37,136,22,3.663003663,1.0989010989,58.4249084249,1.0989010989,6.7765567766,24.9084249084,4.0293040293
-1.524091810871064,47.217176717500791,0, 1090220,0220,20,10,Jean Moulin,Ecole Maternelle,1 Rue du Portugal,  440109,Nantes,412,0220 - Bureau de vote 0220,934,6,412,10,402,15,5,334,6,16,20,6,3.7313432836,1.2437810945,83.0845771144,1.4925373134,3.9800995025,4.9751243781,1.4925373134
-1.536772725441795,47.215294671113504,0, 1090221,0221,21,11,Henri Bergson,Ecole Maternelle,5 Rue du Luxembourg,  440109,Nantes,463,0221 - Bureau de vote 0221,1103,6,463,7,456,18,5,346,4,16,62,5,3.9473684211,1.0964912281,75.8771929825,0.8771929825,3.5087719298,13.5964912281,1.0964912281
-1.542711994200272,47.219610840257751,0, 1090222,0222,22,12,Stalingrad,Ecole Elementaire,12 Boulevard Stalingrad,  440109,Nantes,432,0222 - Bureau de vote 0222,838,12,432,3,429,24,21,237,1,22,117,7,5.5944055944,4.8951048951,55.2447552448,0.2331002331,5.1282051282,27.2727272727,1.6317016317
-1.537946202976396,47.219969501522662,0, 1090223,0223,23,12,Stalingrad,Ecole Elementaire,12 Boulevard Stalingrad,  440109,Nantes,572,0223 - Bureau de vote 0223,1063,7,572,9,563,34,17,337,6,29,122,18,6.0390763766,3.0195381883,59.8579040853,1.0657193606,5.1509769094,21.6696269982,3.1971580817
-1.535382321163026,47.221674055061399,0, 1090224,0224,24,12,Stalingrad,Ecole Elementaire,12 Boulevard Stalingrad,  440109,Nantes,438,0224 - Bureau de vote 0224,844,13,438,8,430,25,20,261,5,21,86,12,5.8139534884,4.6511627907,60.6976744186,1.1627906977,4.8837209302,20,2.7906976744
-1.555082521238177,47.218237984485292,0, 1090301,0301, 1,14,Molire,Ecole Maternelle,2 Rue du Cheval Blanc,  440109,Nantes,422,0301 - Bureau de vote 0301,824,11,422,5,417,34,16,227,4,24,107,5,8.1534772182,3.8369304556,54.4364508393,0.9592326139,5.7553956835,25.6594724221,1.1990407674
-1.552483296975854,47.215687197689491,0, 1090302,0302, 2,14,Molire,Ecole Maternelle,2 Rue du Cheval Blanc,  440109,Nantes,358,0302 - Bureau de vote 0302,809,16,358,8,350,20,36,187,4,27,71,5,5.7142857143,10.2857142857,53.4285714286,1.1428571429,7.7142857143,20.2857142857,1.4285714286
-1.557487751978617,47.214732237617632,0, 1090303,0303, 3,14,Molire,Ecole Maternelle,2 Rue du Cheval Blanc,  440109,Nantes,421,0303 - Bureau de vote 0303,812,8,421,12,409,21,22,217,1,28,117,3,5.1344743276,5.3789731051,53.0562347188,0.2444987775,6.8459657702,28.6063569682,0.7334963325
-1.554740385090499,47.215586874250995,0, 1090304,0304, 4,14,Molire,Ecole Maternelle,2 Rue du Cheval Blanc,  440109,Nantes,360,0304 - Bureau de vote 0304,677,11,360,4,356,13,30,175,3,23,106,6,3.6516853933,8.4269662921,49.1573033708,0.8426966292,6.4606741573,29.7752808989,1.6853932584
-1.559772935658132,47.214555608380763,0, 1090305,0305, 5,15,Chne d'Aron,Ecole Elementaire,3 Rue de l'Hronnire,  440109,Nantes,363,0305 - Bureau de vote 0305,731,7,363,8,355,17,14,173,1,25,124,1,4.7887323944,3.9436619718,48.7323943662,0.2816901408,7.0422535211,34.9295774648,0.2816901408
-1.562129090383399,47.212144326890282,0, 1090306,0306, 6,15,Chne d'Aron,Ecole Elementaire,3 Rue de l'Hronnire,  440109,Nantes,510,0306 - Bureau de vote 0306,971,23,510,5,505,13,15,217,4,33,223,0,2.5742574257,2.9702970297,42.9702970297,0.7920792079,6.5346534653,44.1584158416,0
-1.564925560812284,47.210291837739256,0, 1090307,0307, 7,15,Chne d'Aron,Ecole Elementaire,3 Rue de l'Hronnire,  440109,Nantes,483,0307 - Bureau de vote 0307,845,9,483,4,479,21,13,229,5,30,177,4,4.3841336117,2.7139874739,47.8079331942,1.0438413361,6.2630480167,36.9519832985,0.8350730689
-1.549846614637417,47.213614111519014,0, 1090308,0308, 8,16,Emile Phant,Ecole Elementaire,24 Rue Emile Phant,  440109,Nantes,566,0308 - Bureau de vote 0308,1120,4,566,6,560,30,46,317,8,52,95,12,5.3571428571,8.2142857143,56.6071428571,1.4285714286,9.2857142857,16.9642857143,2.1428571429
-1.555829899762303,47.210329977710103,0, 1090309,0309, 9,16,Emile Phant,Ecole Elementaire,24 Rue Emile Phant,  440109,Nantes,425,0309 - Bureau de vote 0309,801,21,425,2,423,14,21,221,0,23,140,4,3.3096926714,4.9645390071,52.2458628842,0,5.4373522459,33.0969267139,0.9456264775
-1.544204075011568,47.211760609156698,0, 1090310,0310,10,16,Emile Phant,Ecole Elementaire,24 Rue Emile Phant,  440109,Nantes,541,0310 - Bureau de vote 0310,1041,9,541,5,536,20,17,334,4,29,122,10,3.7313432836,3.171641791,62.3134328358,0.7462686567,5.4104477612,22.7611940299,1.8656716418
-1.522668836844343,47.211898424534304,0, 1090311,0311,11,17,Louise Michel,Ecole Maternelle,21 Rue Paul Ramadier,  440109,Nantes,436,0311 - Bureau de vote 0311,881,4,436,16,420,9,6,285,4,20,87,9,2.1428571429,1.4285714286,67.8571428571,0.9523809524,4.7619047619,20.7142857143,2.1428571429
-1.532324836762173,47.205144835149369,0, 1090312,0312,12,17,Louise Michel,Ecole Maternelle,21 Rue Paul Ramadier,  440109,Nantes,557,0312 - Bureau de vote 0312,925,13,557,15,542,19,10,311,5,33,155,9,3.5055350554,1.8450184502,57.3800738007,0.9225092251,6.0885608856,28.5977859779,1.6605166052
-1.538820155193356,47.203836483962029,0, 1090313,0313,13,17,Louise Michel,Ecole Maternelle,21 Rue Paul Ramadier,  440109,Nantes,463,0313 - Bureau de vote 0313,820,6,463,6,457,15,4,262,8,32,127,9,3.2822757112,0.875273523,57.3304157549,1.750547046,7.0021881838,27.7899343545,1.9693654267
-1.540252677354913,47.201496941220583,0, 1090314,0314,14,17,Louise Michel,Ecole Maternelle,21 Rue Paul Ramadier,  440109,Nantes,473,0314 - Bureau de vote 0314,828,10,473,8,465,16,7,278,0,19,133,12,3.4408602151,1.5053763441,59.7849462366,0,4.0860215054,28.6021505376,2.5806451613
-1.53911226650436,47.207939530985172,0, 1090315,0315,15,17,Louise Michel,Ecole Maternelle,21 Rue Paul Ramadier,  440109,Nantes,424,0315 - Bureau de vote 0315,919,5,424,5,419,20,8,250,5,20,103,13,4.7732696897,1.9093078759,59.6658711217,1.1933174224,4.7732696897,24.5823389021,3.1026252983
-1.546703789634719,47.200402302679592,0, 1090316,0316,16,18,Gustave Roch,Ecole Maternelle,24 Boulevard Gustave Roch,  440109,Nantes,425,0316 - Bureau de vote 0316,800,10,425,9,416,20,11,245,2,34,96,8,4.8076923077,2.6442307692,58.8942307692,0.4807692308,8.1730769231,23.0769230769,1.9230769231
-1.547127303548976,47.203969545051997,0, 1090317,0317,17,18,Gustave Roch,Ecole Maternelle,24 Boulevard Gustave Roch,  440109,Nantes,400,0317 - Bureau de vote 0317,767,3,400,8,392,27,7,270,4,20,53,11,6.887755102,1.7857142857,68.8775510204,1.0204081633,5.1020408163,13.5204081633,2.806122449
-1.562290724594473,47.201168501173605,0, 1090318,0318,18,18,Gustave Roch,Ecole Maternelle,24 Boulevard Gustave Roch,  440109,Nantes,301,0318 - Bureau de vote 0318,638,3,301,0,301,22,9,191,4,16,50,9,7.3089700997,2.9900332226,63.4551495017,1.3289036545,5.3156146179,16.6112956811,2.9900332226
-1.560013088632539,47.206416966369645,0, 1090319,0319,19,18,Gustave Roch,Ecole Maternelle,24 Boulevard Gustave Roch,  440109,Nantes,515,0319 - Bureau de vote 0319,1187,9,515,14,501,29,16,346,5,26,67,12,5.7884231537,3.1936127745,69.0618762475,0.998003992,5.1896207585,13.373253493,2.3952095808
-1.548639424059004,47.210843705928141,0, 1090320,0320,20,16,Emile Phant,Ecole Elementaire,24 Rue Emile Phant,  440109,Nantes,375,0320 - Bureau de vote 0320,838,7,375,5,370,29,30,225,4,18,57,7,7.8378378378,8.1081081081,60.8108108108,1.0810810811,4.8648648649,15.4054054054,1.8918918919
-1.527157284891845,47.206835570613272,0, 1090321,0321,21,17,Louise Michel,Ecole Maternelle,21 Rue Paul Ramadier,  440109,Nantes,411,0321 - Bureau de vote 0321,910,7,411,10,401,18,6,242,7,35,82,11,4.4887780549,1.4962593516,60.349127182,1.7456359102,8.7281795511,20.4488778055,2.7431421446
-1.561950777223672,47.21538893233398,0, 1090401,0401, 1,19,Harouys,Ecole Maternelle,24 Rue Deshoulires,  440109,Nantes,399,0401 - Bureau de vote 0401,832,12,399,6,393,17,9,155,1,36,171,4,4.3256997455,2.2900763359,39.4402035623,0.2544529262,9.1603053435,43.5114503817,1.0178117048
-1.564511226395391,47.217044440520972,0, 1090402,0402, 2,19,Harouys,Ecole Maternelle,24 Rue Deshoulires,  440109,Nantes,492,0402 - Bureau de vote 0402,851,27,492,11,481,6,11,144,1,32,283,4,1.2474012474,2.2869022869,29.9376299376,0.2079002079,6.6528066528,58.8357588358,0.8316008316
-1.567393121558467,47.218423855119305,0, 1090403,0403, 3,19,Harouys,Ecole Maternelle,24 Rue Deshoulires,  440109,Nantes,516,0403 - Bureau de vote 0403,887,23,516,18,498,19,6,145,2,30,291,5,3.8152610442,1.2048192771,29.1164658635,0.4016064257,6.0240963855,58.4337349398,1.0040160643
-1.567081788146195,47.220510405353387,0, 1090404,0404, 4,19,Harouys,Ecole Maternelle,24 Rue Deshoulires,  440109,Nantes,531,0404 - Bureau de vote 0404,903,28,531,15,516,17,6,162,3,33,290,5,3.2945736434,1.1627906977,31.3953488372,0.5813953488,6.3953488372,56.2015503876,0.9689922481
-1.573032295251624,47.221616038332719,0, 1090405,0405, 5,19,Harouys,Ecole Maternelle,24 Rue Deshoulires,  440109,Nantes,655,0405 - Bureau de vote 0405,1153,40,655,16,639,4,9,179,4,45,395,3,0.6259780908,1.4084507042,28.0125195618,0.6259780908,7.0422535211,61.8153364632,0.4694835681
-1.580271226689569,47.223557592299102,0, 1090406,0406, 6,19,Harouys,Ecole Maternelle,24 Rue Deshoulires,  440109,Nantes,439,0406 - Bureau de vote 0406,812,7,439,11,428,8,8,115,3,35,254,5,1.8691588785,1.8691588785,26.8691588785,0.7009345794,8.1775700935,59.3457943925,1.1682242991
-1.583250192847429,47.212391500298438,0, 1090407,0407, 7,20,Fraternit,Ecole Primaire,24 Boulevard de la Fraternit,  440109,Nantes,608,0407 - Bureau de vote 0407,1076,5,608,9,599,25,13,338,6,37,176,4,4.1736227045,2.1702838063,56.4273789649,1.0016694491,6.1769616027,29.3823038397,0.6677796327
-1.580948893469295,47.214518401030368,0, 1090408,0408, 8,20,Fraternit,Ecole Primaire,24 Boulevard de la Fraternit,  440109,Nantes,640,0408 - Bureau de vote 0408,1142,26,640,15,625,22,9,348,4,28,203,11,3.52,1.44,55.68,0.64,4.48,32.48,1.76
-1.578397439593335,47.217614861089821,0, 1090409,0409, 9,20,Fraternit,Ecole Primaire,24 Boulevard de la Fraternit,  440109,Nantes,556,0409 - Bureau de vote 0409,954,17,556,4,552,12,8,232,5,48,244,3,2.1739130435,1.4492753623,42.0289855072,0.9057971014,8.6956521739,44.2028985507,0.5434782609
-1.585008843546879,47.216624045193541,0, 1090410,0410,10,20,Fraternit,Ecole Primaire,24 Boulevard de la Fraternit,  440109,Nantes,500,0410 - Bureau de vote 0410,883,15,500,8,492,24,3,280,2,36,143,4,4.8780487805,0.6097560976,56.9105691057,0.406504065,7.3170731707,29.0650406504,0.8130081301
-1.576026723249392,47.217431566842912,0, 1090411,0411,11,20,Fraternit,Ecole Primaire,24 Boulevard de la Fraternit,  440109,Nantes,570,0411 - Bureau de vote 0411,938,23,570,8,562,16,7,218,2,34,285,0,2.846975089,1.2455516014,38.7900355872,0.3558718861,6.0498220641,50.7117437722,0
-1.580813827676882,47.219732005508696,0, 1090412,0412,12,20,Fraternit,Ecole Primaire,24 Boulevard de la Fraternit,  440109,Nantes,537,0412 - Bureau de vote 0412,905,8,537,11,526,10,4,241,7,40,219,5,1.9011406844,0.7604562738,45.8174904943,1.3307984791,7.6045627376,41.6349809886,0.9505703422
-1.584207994791415,47.2199941648188,0, 1090413,0413,13,20,Fraternit,Ecole Primaire,24 Boulevard de la Fraternit,  440109,Nantes,611,0413 - Bureau de vote 0413,1037,39,611,13,598,13,9,280,2,41,251,2,2.1739130435,1.5050167224,46.8227424749,0.3344481605,6.856187291,41.9732441472,0.3344481605
-1.571413478133666,47.215449091020808,0, 1090414,0414,14,21,Boccage,Ecole Primaire,22B Rue Marie-Anne du Boccage,  440109,Nantes,562,0414 - Bureau de vote 0414,955,17,562,5,557,9,5,183,5,57,290,8,1.6157989228,0.8976660682,32.8545780969,0.8976660682,10.2333931777,52.0646319569,1.4362657092
-1.572472801735695,47.218514395451827,0, 1090415,0415,15,21,Boccage,Ecole Primaire,22B Rue Marie-Anne du Boccage,  440109,Nantes,599,0415 - Bureau de vote 0415,1031,29,599,12,587,6,7,139,1,38,396,0,1.0221465077,1.1925042589,23.6797274276,0.1703577513,6.4735945486,67.461669506,0
-1.566125813288344,47.214857908165463,0, 1090416,0416,16,21,Boccage,Ecole Primaire,22B Rue Marie-Anne du Boccage,  440109,Nantes,473,0416 - Bureau de vote 0416,961,14,473,5,468,9,14,139,1,44,258,3,1.9230769231,2.9914529915,29.7008547009,0.2136752137,9.4017094017,55.1282051282,0.641025641
-1.574952074392747,47.213060885626767,0, 1090417,0417,17,22,Andr Lermite,Ecole Elementaire,5 Rue Evariste Luminais,  440109,Nantes,567,0417 - Bureau de vote 0417,1004,19,567,6,561,8,9,271,4,32,233,4,1.4260249554,1.6042780749,48.3065953654,0.7130124777,5.7040998217,41.5329768271,0.7130124777
-1.578609034344761,47.210207155684046,0, 1090418,0418,18,22,Andr Lermite,Ecole Elementaire,5 Rue Evariste Luminais,  440109,Nantes,460,0418 - Bureau de vote 0418,792,14,460,6,454,13,13,170,6,37,209,6,2.8634361233,2.8634361233,37.4449339207,1.3215859031,8.1497797357,46.0352422907,1.3215859031
-1.572034627780987,47.211690513058251,0, 1090419,0419,19,22,Andr Lermite,Ecole Elementaire,5 Rue Evariste Luminais,  440109,Nantes,713,0419 - Bureau de vote 0419,1396,20,713,21,692,37,11,344,4,55,232,9,5.3468208092,1.5895953757,49.710982659,0.5780346821,7.9479768786,33.5260115607,1.3005780347
-1.567568973689514,47.213070446366494,0, 1090420,0420,20,22,Andr Lermite,Ecole Elementaire,5 Rue Evariste Luminais,  440109,Nantes,515,0420 - Bureau de vote 0420,914,17,515,11,504,11,11,165,5,36,275,1,2.1825396825,2.1825396825,32.7380952381,0.9920634921,7.1428571429,54.5634920635,0.1984126984
-1.568801957223317,47.20909970874628,0, 1090421,0421,21,22,Andr Lermite,Ecole Elementaire,5 Rue Evariste Luminais,  440109,Nantes,574,0421 - Bureau de vote 0421,1012,36,574,13,561,11,19,243,1,29,253,5,1.9607843137,3.3868092692,43.3155080214,0.1782531194,5.1693404635,45.0980392157,0.8912655971
-1.573027706877523,47.209306405435527,0, 1090422,0422,22,22,Andr Lermite,Ecole Elementaire,5 Rue Evariste Luminais,  440109,Nantes,456,0422 - Bureau de vote 0422,910,12,456,8,448,16,13,231,3,30,149,6,3.5714285714,2.9017857143,51.5625,0.6696428571,6.6964285714,33.2589285714,1.3392857143
-1.57495879595893,47.206986413794908,0, 1090423,0423,23,22,Andr Lermite,Ecole Elementaire,5 Rue Evariste Luminais,  440109,Nantes,440,0423 - Bureau de vote 0423,909,7,440,11,429,21,9,277,4,40,73,5,4.8951048951,2.0979020979,64.5687645688,0.9324009324,9.324009324,17.0163170163,1.1655011655
-1.58114132207975,47.20601419866329,0, 1090501,0501, 1,23,Garennes,Ecole Elementaire,7 Place des Garennes,  440109,Nantes,620,0501 - Bureau de vote 0501,1040,11,620,11,609,30,12,339,5,58,160,5,4.9261083744,1.9704433498,55.6650246305,0.8210180624,9.5238095238,26.2725779967,0.8210180624
-1.576714796676296,47.203877490127724,0, 1090502,0502, 2,23,Garennes,Ecole Elementaire,7 Place des Garennes,  440109,Nantes,496,0502 - Bureau de vote 0502,816,14,496,4,492,31,5,311,5,26,104,10,6.3008130081,1.0162601626,63.2113821138,1.0162601626,5.2845528455,21.1382113821,2.0325203252
-1.580132151228061,47.200663731403772,0, 1090503,0503, 3,23,Garennes,Ecole Elementaire,7 Place des Garennes,  440109,Nantes,578,0503 - Bureau de vote 0503,949,11,578,6,572,22,23,340,2,43,126,16,3.8461538462,4.020979021,59.4405594406,0.3496503497,7.5174825175,22.027972028,2.7972027972
-1.59219768918921,47.202302612448392,0, 1090504,0504, 4,24,Mutualit,Ecole Elementaire,2 Rue de la Mutualit,  440109,Nantes,610,0504 - Bureau de vote 0504,1008,6,610,10,600,20,15,389,3,35,121,17,3.3333333333,2.5,64.8333333333,0.5,5.8333333333,20.1666666667,2.8333333333
-1.591257518337374,47.205751180920174,0, 1090505,0505, 5,24,Mutualit,Ecole Elementaire,2 Rue de la Mutualit,  440109,Nantes,609,0505 - Bureau de vote 0505,963,4,609,8,601,21,15,366,6,39,144,10,3.4941763727,2.4958402662,60.8985024958,0.9983361065,6.4891846922,23.9600665557,1.6638935108
-1.591758718902782,47.209346689539665,0, 1090506,0506, 6,24,Mutualit,Ecole Elementaire,2 Rue de la Mutualit,  440109,Nantes,501,0506 - Bureau de vote 0506,975,12,501,10,491,19,5,346,7,20,83,11,3.8696537678,1.0183299389,70.4684317719,1.4256619145,4.0733197556,16.9042769857,2.2403258656
-1.586261797186765,47.203954917840804,0, 1090507,0507, 7,24,Mutualit,Ecole Elementaire,2 Rue de la Mutualit,  440109,Nantes,607,0507 - Bureau de vote 0507,936,13,607,6,601,34,18,361,2,21,158,7,5.6572379368,2.9950083195,60.0665557404,0.3327787022,3.4941763727,26.2895174709,1.1647254576
-1.587053777104207,47.207645332458718,0, 1090508,0508, 8,24,Mutualit,Ecole Elementaire,2 Rue de la Mutualit,  440109,Nantes,423,0508 - Bureau de vote 0508,818,10,423,13,410,14,8,283,3,15,81,6,3.4146341463,1.9512195122,69.0243902439,0.7317073171,3.6585365854,19.756097561,1.4634146341
-1.583702813716731,47.209783195077669,0, 1090509,0509, 9,24,Mutualit,Ecole Elementaire,2 Rue de la Mutualit,  440109,Nantes,544,0509 - Bureau de vote 0509,967,11,544,5,539,21,20,267,3,40,181,7,3.8961038961,3.7105751391,49.5361781076,0.5565862709,7.4211502783,33.5807050093,1.2987012987
-1.607520872561943,47.192450405718191,0, 1090510,0510,10,25,Rformes,Ecole Primaire,12 Rue des Rformes,  440109,Nantes,659,0510 - Bureau de vote 0510,1200,19,659,8,651,39,12,400,5,44,141,10,5.9907834101,1.8433179724,61.4439324117,0.7680491551,6.7588325653,21.6589861751,1.5360983103
-1.597099403334829,47.202992508458436,0, 1090511,0511,11,25,Rformes,Ecole Primaire,12 Rue des Rformes,  440109,Nantes,597,0511 - Bureau de vote 0511,1177,8,597,12,585,45,9,381,13,12,120,5,7.6923076923,1.5384615385,65.1282051282,2.2222222222,2.0512820513,20.5128205128,0.8547008547
-1.612765144012896,47.19852177055521,0, 1090512,0512,12,26,Plessis-Cellier,Ecole Maternelle,59 Rue des Alouettes,  440109,Nantes,455,0512 - Bureau de vote 0512,766,5,455,6,449,25,10,306,5,18,81,4,5.5679287305,2.2271714922,68.1514476615,1.1135857461,4.008908686,18.0400890869,0.8908685969
-1.603554786726294,47.200235201270317,0, 1090513,0513,13,26,Plessis-Cellier,Ecole Maternelle,59 Rue des Alouettes,  440109,Nantes,478,0513 - Bureau de vote 0513,902,4,478,4,474,21,11,343,4,14,71,10,4.4303797468,2.3206751055,72.3628691983,0.8438818565,2.9535864979,14.9789029536,2.1097046414
-1.601541427138216,47.203834765100247,0, 1090514,0514,14,26,Plessis-Cellier,Ecole Maternelle,59 Rue des Alouettes,  440109,Nantes,339,0514 - Bureau de vote 0514,807,4,339,7,332,21,1,221,7,13,61,8,6.3253012048,0.3012048193,66.5662650602,2.1084337349,3.9156626506,18.3734939759,2.4096385542
-1.609810814073302,47.20458363793967,0, 1090515,0515,15,26,Plessis-Cellier,Ecole Maternelle,59 Rue des Alouettes,  440109,Nantes,364,0515 - Bureau de vote 0515,671,6,364,6,358,15,10,258,4,8,54,9,4.1899441341,2.7932960894,72.0670391061,1.1173184358,2.2346368715,15.0837988827,2.5139664804
-1.607945311565091,47.206588988810537,0, 1090516,0516,16,48,Jean Zay,Groupe Scolaire,19 Rue Yves Kartel,  440109,Nantes,342,0516 - Bureau de vote 0516,871,2,342,4,338,13,1,267,1,9,38,9,3.8461538462,0.2958579882,78.9940828402,0.2958579882,2.6627218935,11.2426035503,2.6627218935
-1.608608700217459,47.208286488543855,0, 1090517,0517,17,48,Jean Zay,Groupe Scolaire,19 Rue Yves Kartel,  440109,Nantes,293,0517 - Bureau de vote 0517,600,4,293,10,283,6,3,211,4,9,46,4,2.1201413428,1.0600706714,74.5583038869,1.4134275618,3.1802120141,16.2544169611,1.4134275618
-1.6068591313827,47.209248174636031,0, 1090518,0518,18,48,Jean Zay,Groupe Scolaire,19 Rue Yves Kartel,  440109,Nantes,355,0518 - Bureau de vote 0518,749,1,355,6,349,6,1,264,3,9,60,6,1.7191977077,0.2865329513,75.6446991404,0.8595988539,2.5787965616,17.1919770774,1.7191977077
-1.587716669740507,47.231391109096293,0, 1090601,0601, 1,27,Jacques Prvert,Ecole Elementaire,34 Rue du Breil,  440109,Nantes,287,0601 - Bureau de vote 0601,699,1,287,8,279,16,1,201,2,10,38,11,5.7347670251,0.3584229391,72.0430107527,0.7168458781,3.5842293907,13.6200716846,3.9426523297
-1.586551727192842,47.228882731889115,0, 1090602,0602, 2,27,Jacques Prvert,Ecole Elementaire,34 Rue du Breil,  440109,Nantes,377,0602 - Bureau de vote 0602,815,4,377,8,369,12,6,241,3,19,84,4,3.2520325203,1.6260162602,65.3116531165,0.8130081301,5.1490514905,22.7642276423,1.0840108401
-1.582895896694989,47.229856973971359,0, 1090603,0603, 3,27,Jacques Prvert,Ecole Elementaire,34 Rue du Breil,  440109,Nantes,357,0603 - Bureau de vote 0603,749,0,357,7,350,9,3,241,6,13,71,7,2.5714285714,0.8571428571,68.8571428571,1.7142857143,3.7142857143,20.2857142857,2
-1.581739530316699,47.232709335609592,0, 1090604,0604, 4,27,Jacques Prvert,Ecole Elementaire,34 Rue du Breil,  440109,Nantes,476,0604 - Bureau de vote 0604,831,12,476,14,462,23,0,227,3,42,160,7,4.9783549784,0,49.1341991342,0.6493506494,9.0909090909,34.632034632,1.5151515152
-1.576177884043104,47.230182510236972,0, 1090605,0605, 5,27,Jacques Prvert,Ecole Elementaire,34 Rue du Breil,  440109,Nantes,624,0605 - Bureau de vote 0605,1086,7,624,10,614,9,3,280,3,56,257,6,1.4657980456,0.4885993485,45.6026058632,0.4885993485,9.1205211726,41.8566775244,0.9771986971
-1.575912518429854,47.242276985862652,0, 1090606,0606, 6,28,Longchamp,Ecole Primaire,6 Rue du Vlodrome de Longchamp,  440109,Nantes,506,0606 - Bureau de vote 0606,925,12,506,9,497,17,6,232,10,41,188,3,3.4205231388,1.2072434608,46.6800804829,2.0120724346,8.2494969819,37.8269617706,0.6036217304
-1.580645541892953,47.241933702151904,0, 1090607,0607, 7,28,Longchamp,Ecole Primaire,6 Rue du Vlodrome de Longchamp,  440109,Nantes,510,0607 - Bureau de vote 0607,929,6,510,12,498,12,2,320,4,26,129,5,2.4096385542,0.4016064257,64.2570281124,0.8032128514,5.2208835341,25.9036144578,1.0040160643
-1.576595961611176,47.23841051729422,0, 1090608,0608, 8,28,Longchamp,Ecole Primaire,6 Rue du Vlodrome de Longchamp,  440109,Nantes,555,0608 - Bureau de vote 0608,980,10,555,12,543,13,7,278,3,47,187,8,2.394106814,1.2891344383,51.197053407,0.5524861878,8.6556169429,34.438305709,1.4732965009
-1.586145140124002,47.240387436940921,0, 1090609,0609, 9,28,Longchamp,Ecole Primaire,6 Rue du Vlodrome de Longchamp,  440109,Nantes,432,0609 - Bureau de vote 0609,738,6,432,13,419,13,1,264,2,25,113,1,3.1026252983,0.2386634845,63.0071599045,0.477326969,5.9665871122,26.968973747,0.2386634845
-1.58278332335568,47.237250900635807,0, 1090610,0610,10,28,Longchamp,Ecole Primaire,6 Rue du Vlodrome de Longchamp,  440109,Nantes,651,0610 - Bureau de vote 0610,1095,14,651,16,635,14,7,342,6,45,214,7,2.2047244094,1.1023622047,53.8582677165,0.9448818898,7.0866141732,33.7007874016,1.1023622047
-1.572648581175893,47.236085177005336,0, 1090611,0611,11,28,Longchamp,Ecole Primaire,6 Rue du Vlodrome de Longchamp,  440109,Nantes,600,0611 - Bureau de vote 0611,1023,26,600,8,592,10,12,193,5,55,316,1,1.6891891892,2.027027027,32.6013513514,0.8445945946,9.2905405405,53.3783783784,0.1689189189
-1.569749526399743,47.23340172137118,0, 1090612,0612,12,28,Longchamp,Ecole Primaire,6 Rue du Vlodrome de Longchamp,  440109,Nantes,577,0612 - Bureau de vote 0612,935,22,577,9,568,19,7,202,5,69,261,5,3.3450704225,1.2323943662,35.5633802817,0.8802816901,12.1478873239,45.9507042254,0.8802816901
-1.576537597125017,47.23359624362346,0, 1090613,0613,13,28,Longchamp,Ecole Primaire,6 Rue du Vlodrome de Longchamp,  440109,Nantes,566,0613 - Bureau de vote 0613,984,12,566,12,554,13,4,227,4,42,259,5,2.3465703971,0.7220216606,40.9747292419,0.7220216606,7.5812274368,46.7509025271,0.9025270758
-1.565729046271656,47.236320106846406,0, 1090614,0614,14,29,Charles Lebourg,Ecole Primaire,46 Boulevard Henry Orrion,  440109,Nantes,559,0614 - Bureau de vote 0614,933,13,559,16,543,10,9,188,5,47,279,5,1.8416206262,1.6574585635,34.6224677716,0.9208103131,8.6556169429,51.3812154696,0.9208103131
-1.560553984128552,47.238404507049182,0, 1090615,0615,15,29,Charles Lebourg,Ecole Primaire,46 Boulevard Henry Orrion,  440109,Nantes,531,0615 - Bureau de vote 0615,863,21,531,14,517,21,6,280,2,35,170,3,4.0618955513,1.1605415861,54.1586073501,0.3868471954,6.7698259188,32.8820116054,0.580270793
-1.554183838554287,47.237928616903204,0, 1090616,0616,16,29,Charles Lebourg,Ecole Primaire,46 Boulevard Henry Orrion,  440109,Nantes,587,0616 - Bureau de vote 0616,1080,3,587,14,573,17,10,333,8,46,154,5,2.9668411867,1.7452006981,58.1151832461,1.3961605585,8.0279232112,26.8760907504,0.872600349
-1.564640016129315,47.241021668371687,0, 1090617,0617,17,30,Barberie Mulotire,Ecole Elementaire,Rue Pierre Yvernogeau,  440109,Nantes,587,0617 - Bureau de vote 0617,977,18,587,11,576,15,11,266,2,53,225,4,2.6041666667,1.9097222222,46.1805555556,0.3472222222,9.2013888889,39.0625,0.6944444444
-1.570131229733241,47.242198742207506,0, 1090618,0618,18,30,Barberie Mulotire,Ecole Elementaire,Rue Pierre Yvernogeau,  440109,Nantes,535,0618 - Bureau de vote 0618,930,13,535,5,530,10,10,303,3,28,168,8,1.8867924528,1.8867924528,57.1698113208,0.5660377358,5.2830188679,31.6981132075,1.5094339623
-1.573525187656065,47.244331669150959,0, 1090619,0619,19,30,Barberie Mulotire,Ecole Elementaire,Rue Pierre Yvernogeau,  440109,Nantes,563,0619 - Bureau de vote 0619,871,10,563,17,546,23,11,317,12,44,138,1,4.2124542125,2.0146520147,58.0586080586,2.1978021978,8.0586080586,25.2747252747,0.1831501832
-1.563906712325385,47.246107053591032,0, 1090701,0701, 1,31,Chauvinire,Ecole Maternelle,32 Boulevard de la Chauvinire,  440109,Nantes,405,0701 - Bureau de vote 0701,801,12,405,4,401,14,3,224,2,39,113,6,3.4912718204,0.7481296758,55.8603491272,0.4987531172,9.7256857855,28.1795511222,1.4962593516
-1.573553987871681,47.247391709807694,0, 1090702,0702, 2,31,Chauvinire,Ecole Maternelle,32 Boulevard de la Chauvinire,  440109,Nantes,567,0702 - Bureau de vote 0702,1090,8,567,7,560,22,6,389,10,26,87,20,3.9285714286,1.0714285714,69.4642857143,1.7857142857,4.6428571429,15.5357142857,3.5714285714
-1.572425197109375,47.251329492863171,0, 1090703,0703, 3,31,Chauvinire,Ecole Maternelle,32 Boulevard de la Chauvinire,  440109,Nantes,603,0703 - Bureau de vote 0703,1013,10,603,11,592,21,2,345,7,55,151,11,3.5472972973,0.3378378378,58.277027027,1.1824324324,9.2905405405,25.5067567568,1.8581081081
-1.569522546166242,47.25438005495355,0, 1090704,0704, 4,31,Chauvinire,Ecole Maternelle,32 Boulevard de la Chauvinire,  440109,Nantes,338,0704 - Bureau de vote 0704,741,5,338,2,336,14,4,245,4,12,45,12,4.1666666667,1.1904761905,72.9166666667,1.1904761905,3.5714285714,13.3928571429,3.5714285714
-1.573135998738993,47.256752573340805,0, 1090705,0705, 5,31,Chauvinire,Ecole Maternelle,32 Boulevard de la Chauvinire,  440109,Nantes,453,0705 - Bureau de vote 0705,745,8,453,7,446,18,3,303,2,19,92,9,4.0358744395,0.6726457399,67.9372197309,0.4484304933,4.2600896861,20.6278026906,2.0179372197
-1.574452790247436,47.258829104045397,0, 1090706,0706, 6,31,Chauvinire,Ecole Maternelle,32 Boulevard de la Chauvinire,  440109,Nantes,422,0706 - Bureau de vote 0706,1084,3,422,5,417,22,2,318,7,13,48,7,5.2757793765,0.479616307,76.2589928058,1.6786570743,3.1175059952,11.5107913669,1.6786570743
-1.578373796094246,47.259400419920112,0, 1090707,0707, 7,31,Chauvinire,Ecole Maternelle,32 Boulevard de la Chauvinire,  440109,Nantes,559,0707 - Bureau de vote 0707,1311,12,559,7,552,28,3,360,8,33,100,20,5.0724637681,0.5434782609,65.2173913043,1.4492753623,5.9782608696,18.115942029,3.6231884058
-1.583213774532795,47.268952897504136,0, 1090708,0708, 8,32,Franoise Dolto,Ecole Primaire,3B Rue de Concarneau,  440109,Nantes,385,0708 - Bureau de vote 0708,833,2,385,3,382,15,1,243,7,17,89,10,3.9267015707,0.2617801047,63.612565445,1.832460733,4.4502617801,23.2984293194,2.6178010471
-1.567020662014127,47.265470994645618,0, 1090709,0709, 9,32,Franoise Dolto,Ecole Primaire,3B Rue de Concarneau,  440109,Nantes,465,0709 - Bureau de vote 0709,923,1,465,10,455,23,5,308,3,15,93,8,5.0549450549,1.0989010989,67.6923076923,0.6593406593,3.2967032967,20.4395604396,1.7582417582
-1.567716809998836,47.259203395185907,0, 1090710,0710,10,33,Baut,Ecole Maternelle,4 Rue des Renards,  440109,Nantes,415,0710 - Bureau de vote 0710,827,6,415,8,407,27,4,290,11,18,52,5,6.6339066339,0.9828009828,71.2530712531,2.7027027027,4.4226044226,12.7764127764,1.2285012285
-1.559951113919143,47.257697442090006,0, 1090711,0711,11,33,Baut,Ecole Maternelle,4 Rue des Renards,  440109,Nantes,522,0711 - Bureau de vote 0711,763,15,522,10,512,14,5,274,6,34,175,4,2.734375,0.9765625,53.515625,1.171875,6.640625,34.1796875,0.78125
-1.563868756051166,47.252860199954242,0, 1090712,0712,12,33,Baut,Ecole Maternelle,4 Rue des Renards,  440109,Nantes,463,0712 - Bureau de vote 0712,841,2,463,8,455,21,6,276,6,34,108,4,4.6153846154,1.3186813187,60.6593406593,1.3186813187,7.4725274725,23.7362637363,0.8791208791
-1.556431758930334,47.251517135594504,0, 1090713,0713,13,33,Baut,Ecole Maternelle,4 Rue des Renards,  440109,Nantes,652,0713 - Bureau de vote 0713,1064,19,652,14,638,20,14,310,9,61,218,6,3.1347962382,2.1943573668,48.5893416928,1.4106583072,9.5611285266,34.1692789969,0.9404388715
-1.549200113688348,47.247589746389828,0, 1090714,0714,14,33,Baut,Ecole Maternelle,4 Rue des Renards,  440109,Nantes,398,0714 - Bureau de vote 0714,732,12,398,7,391,15,10,226,3,31,102,4,3.8363171355,2.557544757,57.800511509,0.7672634271,7.9283887468,26.0869565217,1.0230179028
-1.547005762436235,47.25433993330666,0, 1090715,0715,15,33,Baut,Ecole Maternelle,4 Rue des Renards,  440109,Nantes,464,0715 - Bureau de vote 0715,772,16,464,6,458,13,6,267,7,43,113,9,2.8384279476,1.3100436681,58.2969432314,1.5283842795,9.3886462882,24.672489083,1.9650655022
-1.53931935512565,47.239867352554377,0, 1090801,0801, 1,34,Port Boyer,Ecole Maternelle,51 Rue de l'Eraudire,  440109,Nantes,390,0801 - Bureau de vote 0801,714,1,390,11,379,9,6,242,6,19,84,13,2.3746701847,1.5831134565,63.8522427441,1.5831134565,5.0131926121,22.1635883905,3.4300791557
-1.54378077547067,47.241010178103579,0, 1090802,0802, 2,34,Port Boyer,Ecole Maternelle,51 Rue de l'Eraudire,  440109,Nantes,345,0802 - Bureau de vote 0802,738,1,345,2,343,16,2,242,4,8,64,7,4.6647230321,0.583090379,70.5539358601,1.166180758,2.332361516,18.6588921283,2.0408163265
-1.547076704070685,47.237837732473039,0, 1090803,0803, 3,34,Port Boyer,Ecole Maternelle,51 Rue de l'Eraudire,  440109,Nantes,428,0803 - Bureau de vote 0803,764,10,428,8,420,12,4,255,8,29,108,4,2.8571428571,0.9523809524,60.7142857143,1.9047619048,6.9047619048,25.7142857143,0.9523809524
-1.542463111801953,47.236292754879926,0, 1090804,0804, 4,34,Port Boyer,Ecole Maternelle,51 Rue de l'Eraudire,  440109,Nantes,481,0804 - Bureau de vote 0804,870,15,481,6,475,20,7,267,4,25,145,7,4.2105263158,1.4736842105,56.2105263158,0.8421052632,5.2631578947,30.5263157895,1.4736842105
-1.536547066457549,47.236756656738415,0, 1090805,0805, 5,34,Port Boyer,Ecole Maternelle,51 Rue de l'Eraudire,  440109,Nantes,408,0805 - Bureau de vote 0805,655,14,408,3,405,5,3,176,4,39,175,3,1.2345679012,0.7407407407,43.4567901235,0.987654321,9.6296296296,43.2098765432,0.7407407407
-1.534604047793071,47.239490891028609,0, 1090806,0806, 6,34,Port Boyer,Ecole Maternelle,51 Rue de l'Eraudire,  440109,Nantes,358,0806 - Bureau de vote 0806,599,4,358,5,353,12,5,169,3,30,132,2,3.3994334278,1.4164305949,47.8753541076,0.8498583569,8.4985835694,37.3937677054,0.566572238
-1.54066450118051,47.245934377781332,0, 1090807,0807, 7,35,Marsauderies,Ecole Elementaire,1 Rue de la Bertinire,  440109,Nantes,662,0807 - Bureau de vote 0807,1067,17,662,7,655,19,7,368,5,67,183,6,2.9007633588,1.0687022901,56.1832061069,0.7633587786,10.2290076336,27.9389312977,0.9160305344
-1.535127445541862,47.248738390119939,0, 1090808,0808, 8,35,Marsauderies,Ecole Elementaire,1 Rue de la Bertinire,  440109,Nantes,689,0808 - Bureau de vote 0808,1187,23,689,16,673,24,8,360,4,65,202,10,3.5661218425,1.1887072808,53.4918276374,0.5943536404,9.6582466568,30.014858841,1.485884101
-1.526625920616421,47.247770669510963,0, 1090809,0809, 9,35,Marsauderies,Ecole Elementaire,1 Rue de la Bertinire,  440109,Nantes,401,0809 - Bureau de vote 0809,843,9,401,10,391,11,1,276,3,22,73,5,2.8132992327,0.2557544757,70.5882352941,0.7672634271,5.6265984655,18.6700767263,1.2787723785
-1.521391493157277,47.26251148947383,0, 1090810,0810,10,36,Beaujoire,Ecole Elementaire,10 Rue de la Gare de Saint Joseph,  440109,Nantes,492,0810 - Bureau de vote 0810,815,7,492,15,477,18,3,323,4,26,91,12,3.7735849057,0.6289308176,67.714884696,0.8385744235,5.4507337526,19.0775681342,2.5157232704
-1.513330261582587,47.258290176558425,0, 1090811,0811,11,36,Beaujoire,Ecole Elementaire,10 Rue de la Gare de Saint Joseph,  440109,Nantes,581,0811 - Bureau de vote 0811,1063,7,581,20,561,21,1,378,6,31,106,18,3.743315508,0.1782531194,67.3796791444,1.0695187166,5.5258467023,18.8948306595,3.2085561497
-1.529065212029462,47.25837992076476,0, 1090812,0812,12,36,Beaujoire,Ecole Elementaire,10 Rue de la Gare de Saint Joseph,  440109,Nantes,608,0812 - Bureau de vote 0812,1000,11,608,14,594,33,4,369,4,37,140,7,5.5555555556,0.6734006734,62.1212121212,0.6734006734,6.228956229,23.569023569,1.1784511785
-1.520880133615407,47.252698140001392,0, 1090813,0813,13,36,Beaujoire,Ecole Elementaire,10 Rue de la Gare de Saint Joseph,  440109,Nantes,301,0813 - Bureau de vote 0813,838,3,301,10,291,20,3,220,2,7,28,11,6.8728522337,1.0309278351,75.6013745704,0.6872852234,2.4054982818,9.6219931271,3.7800687285
-1.528859437567502,47.267968652606221,0, 1090814,0814,14,37,Louis Pergaud,Maison des associations,478 Route de Saint Joseph,  440109,Nantes,691,0814 - Bureau de vote 0814,1141,13,691,12,679,24,4,435,11,50,145,10,3.5346097202,0.58910162,64.0648011782,1.6200294551,7.3637702504,21.3549337261,1.4727540501
-1.509729558459131,47.26840273641529,0, 1090815,0815,15,37,Louis Pergaud,Maison des associations,478 Route de Saint Joseph,  440109,Nantes,573,0815 - Bureau de vote 0815,952,13,573,6,567,29,6,381,1,44,96,10,5.114638448,1.0582010582,67.1957671958,0.176366843,7.7601410935,16.9312169312,1.7636684303
-1.519912640779764,47.287159430326994,0, 1090816,0816,16,37,Louis Pergaud,Maison des associations,478 Route de Saint Joseph,  440109,Nantes,399,0816 - Bureau de vote 0816,671,8,399,9,390,11,4,227,6,26,110,6,2.8205128205,1.0256410256,58.2051282051,1.5384615385,6.6666666667,28.2051282051,1.5384615385
-1.532487413938066,47.243737069161703,0, 1090817,0817,17,35,Marsauderies,Ecole Elementaire,1 Rue de la Bertinire,  440109,Nantes,520,0817 - Bureau de vote 0817,983,13,520,12,508,25,4,291,8,25,148,7,4.9212598425,0.7874015748,57.2834645669,1.5748031496,4.9212598425,29.1338582677,1.3779527559
-1.533980291485185,47.252495471730995,0, 1090818,0818,18,35,Marsauderies,Ecole Elementaire,1 Rue de la Bertinire,  440109,Nantes,535,0818 - Bureau de vote 0818,988,12,535,17,518,18,4,315,3,37,137,4,3.4749034749,0.7722007722,60.8108108108,0.5791505792,7.1428571429,26.4478764479,0.7722007722
-1.522804503651643,47.271276763739372,0, 1090819,0819,19,37,Louis Pergaud,Maison des associations,478 Route de Saint Joseph,  440109,Nantes,483,0819 - Bureau de vote 0819,849,11,483,12,471,30,4,335,7,13,70,12,6.3694267516,0.8492569002,71.1252653928,1.4861995754,2.7600849257,14.8619957537,2.5477707006
-1.514655935624107,47.275662242185192,0, 1090820,0820,20,37,Louis Pergaud,Maison des associations,478 Route de Saint Joseph,  440109,Nantes,547,0820 - Bureau de vote 0820,871,9,547,11,536,17,1,267,4,55,186,6,3.171641791,0.1865671642,49.8134328358,0.7462686567,10.2611940299,34.7014925373,1.1194029851
-1.530204512071482,47.237810236772056,0, 1090901,0901, 1,38,Franois Dallet,Ecole Elementaire,148 Boulevard des Poilus,  440109,Nantes,452,0901 - Bureau de vote 0901,834,9,452,5,447,23,5,247,3,21,140,8,5.1454138702,1.1185682327,55.2572706935,0.6711409396,4.6979865772,31.3199105145,1.7897091723
-1.532323308286428,47.235048688485797,0, 1090902,0902, 2,38,Franois Dallet,Ecole Elementaire,148 Boulevard des Poilus,  440109,Nantes,486,0902 - Bureau de vote 0902,875,9,486,12,474,15,10,241,2,42,153,11,3.164556962,2.1097046414,50.8438818565,0.4219409283,8.8607594937,32.2784810127,2.3206751055
-1.527026673328062,47.231671163150359,0, 1090903,0903, 3,38,Franois Dallet,Ecole Elementaire,148 Boulevard des Poilus,  440109,Nantes,476,0903 - Bureau de vote 0903,848,12,476,6,470,19,4,252,5,47,137,6,4.0425531915,0.8510638298,53.6170212766,1.0638297872,10,29.1489361702,1.2765957447
-1.525767449451963,47.235021449551219,0, 1090904,0904, 4,38,Franois Dallet,Ecole Elementaire,148 Boulevard des Poilus,  440109,Nantes,497,0904 - Bureau de vote 0904,766,13,497,6,491,5,3,245,0,41,194,3,1.0183299389,0.6109979633,49.8981670061,0,8.350305499,39.5112016293,0.6109979633
-1.52717510950973,47.239258433770068,0, 1090905,0905, 5,39,Urbain Leverrier,Ecole Maternelle,83 Rue Flix Mntrier,  440109,Nantes,354,0905 - Bureau de vote 0905,665,8,354,5,349,8,2,240,2,12,79,6,2.2922636103,0.5730659026,68.7679083095,0.5730659026,3.4383954155,22.6361031519,1.7191977077
-1.521073296403614,47.237513017252255,0, 1090906,0906, 6,39,Urbain Leverrier,Ecole Maternelle,83 Rue Flix Mntrier,  440109,Nantes,421,0906 - Bureau de vote 0906,1008,4,421,8,413,17,1,293,5,14,72,11,4.1162227603,0.2421307506,70.9443099274,1.210653753,3.3898305085,17.4334140436,2.6634382567
-1.524451905248212,47.240658186888595,0, 1090907,0907, 7,39,Urbain Leverrier,Ecole Maternelle,83 Rue Flix Mntrier,  440109,Nantes,539,0907 - Bureau de vote 0907,990,14,539,8,531,16,8,341,7,37,110,12,3.0131826742,1.5065913371,64.2184557439,1.31826742,6.9679849341,20.7156308851,2.2598870056
-1.517989743913641,47.240117644093054,0, 1090908,0908, 8,39,Urbain Leverrier,Ecole Maternelle,83 Rue Flix Mntrier,  440109,Nantes,311,0908 - Bureau de vote 0908,723,1,311,4,307,19,2,225,6,8,40,7,6.1889250814,0.651465798,73.2899022801,1.9543973941,2.6058631922,13.0293159609,2.2801302932
-1.521377925927301,47.243057066912456,0, 1090909,0909, 9,39,Urbain Leverrier,Ecole Maternelle,83 Rue Flix Mntrier,  440109,Nantes,353,0909 - Bureau de vote 0909,759,5,353,8,345,14,8,261,3,6,48,5,4.0579710145,2.3188405797,75.652173913,0.8695652174,1.7391304348,13.9130434783,1.4492753623
-1.522825740415774,47.245297710709792,0, 1090910,0910,10,39,Urbain Leverrier,Ecole Maternelle,83 Rue Flix Mntrier,  440109,Nantes,448,0910 - Bureau de vote 0910,774,7,448,12,436,18,3,303,4,17,80,11,4.128440367,0.6880733945,69.495412844,0.9174311927,3.8990825688,18.3486238532,2.5229357798
-1.502522754482245,47.253168951956702,0, 1090911,0911,11,40,Maurice Mac,Ecole Maternelle,22 Rue du Pontereau,  440109,Nantes,494,0911 - Bureau de vote 0911,927,10,494,2,492,16,4,302,10,15,140,5,3.2520325203,0.8130081301,61.3821138211,2.0325203252,3.0487804878,28.4552845528,1.0162601626
-1.51176070227601,47.247919859920977,0, 1090912,0912,12,40,Maurice Mac,Ecole Maternelle,22 Rue du Pontereau,  440109,Nantes,411,0912 - Bureau de vote 0912,773,2,411,15,396,13,8,265,2,19,83,6,3.2828282828,2.0202020202,66.9191919192,0.5050505051,4.797979798,20.9595959596,1.5151515152
-1.510875070853616,47.236987045191398,0, 1090913,0913,13,40,Maurice Mac,Ecole Maternelle,22 Rue du Pontereau,  440109,Nantes,578,0913 - Bureau de vote 0913,959,10,578,17,561,23,6,382,1,43,96,10,4.0998217469,1.0695187166,68.0926916221,0.1782531194,7.6648841355,17.1122994652,1.7825311943
-1.500731334327171,47.241762841546922,0, 1090914,0914,14,40,Maurice Mac,Ecole Maternelle,22 Rue du Pontereau,  440109,Nantes,580,0914 - Bureau de vote 0914,895,8,580,15,565,28,5,340,9,34,135,14,4.9557522124,0.8849557522,60.1769911504,1.592920354,6.017699115,23.8938053097,2.4778761062
-1.494238586540759,47.230922168347632,0, 1090915,0915,15,40,Maurice Mac,Ecole Maternelle,22 Rue du Pontereau,  440109,Nantes,484,0915 - Bureau de vote 0915,825,6,484,8,476,29,3,309,8,15,82,30,6.0924369748,0.6302521008,64.9159663866,1.6806722689,3.1512605042,17.2268907563,6.3025210084
-1.50882257870919,47.233322821182654,0, 1090916,0916,16,40,Maurice Mac,Ecole Maternelle,22 Rue du Pontereau,  440109,Nantes,690,0916 - Bureau de vote 0916,993,19,690,14,676,22,5,409,8,50,177,5,3.2544378698,0.7396449704,60.5029585799,1.1834319527,7.3964497041,26.1834319527,0.7396449704
-1.505849707763168,47.22894879400355,0, 1090917,0917,17,40,Maurice Mac,Ecole Maternelle,22 Rue du Pontereau,  440109,Nantes,487,0917 - Bureau de vote 0917,734,6,487,16,471,21,10,284,6,27,106,17,4.4585987261,2.1231422505,60.2972399151,1.2738853503,5.7324840764,22.5053078556,3.6093418259
-1.522262500642647,47.227383141987929,0, 1090918,0918,18,41,Gay Lussac,Ecole Primaire,13 Rue Gay Lussac,  440109,Nantes,624,0918 - Bureau de vote 0918,1118,8,624,9,615,22,7,383,5,26,161,11,3.5772357724,1.1382113821,62.2764227642,0.8130081301,4.2276422764,26.1788617886,1.7886178862
-1.519997962354459,47.230041671418114,0, 1090919,0919,19,41,Gay Lussac,Ecole Primaire,13 Rue Gay Lussac,  440109,Nantes,541,0919 - Bureau de vote 0919,863,22,541,2,539,18,13,348,4,23,124,9,3.3395176252,2.4118738404,64.5640074212,0.7421150278,4.26716141,23.0055658627,1.6697588126
-1.51491703501726,47.229948108858856,0, 1090920,0920,20,41,Gay Lussac,Ecole Primaire,13 Rue Gay Lussac,  440109,Nantes,453,0920 - Bureau de vote 0920,748,7,453,6,447,19,5,334,4,17,57,11,4.2505592841,1.1185682327,74.7203579418,0.8948545861,3.8031319911,12.7516778523,2.4608501119
-1.517965134049098,47.234333599655905,0, 1090921,0921,21,41,Gay Lussac,Ecole Primaire,13 Rue Gay Lussac,  440109,Nantes,614,0921 - Bureau de vote 0921,995,13,614,12,602,30,5,379,10,29,140,9,4.9833887043,0.8305647841,62.9568106312,1.6611295681,4.8172757475,23.2558139535,1.4950166113
-1.514181066337787,47.222322717334904,0, 1090922,0922,22,41,Gay Lussac,Ecole Primaire,13 Rue Gay Lussac,  440109,Nantes,765,0922 - Bureau de vote 0922,1202,15,765,20,745,19,9,449,9,49,193,17,2.5503355705,1.2080536913,60.2684563758,1.2080536913,6.5771812081,25.9060402685,2.2818791946
-1.514783337607816,47.243368346481162,0, 1090923,0923,23,40,Maurice Mac,Ecole Maternelle,22 Rue du Pontereau,  440109,Nantes,465,0923 - Bureau de vote 0923,801,6,465,7,458,16,1,280,3,35,112,11,3.4934497817,0.2183406114,61.135371179,0.6550218341,7.6419213974,24.4541484716,2.4017467249
-1.509565159413366,47.242586156473699,0, 1090924,0924,24,40,Maurice Mac,Ecole Maternelle,22 Rue du Pontereau,  440109,Nantes,290,0924 - Bureau de vote 0924,552,3,290,4,286,5,0,193,1,20,63,4,1.7482517483,0,67.4825174825,0.3496503497,6.993006993,22.027972028,1.3986013986
-1.537816916235879,47.198234172827419,0, 1091001,1001, 1,43,Ledru Rollin,Ecole Elementaire,47 Rue Ledru Rollin,  440109,Nantes,452,1001 - Bureau de vote 1001,898,5,452,10,442,19,7,290,3,19,97,7,4.2986425339,1.5837104072,65.6108597285,0.6787330317,4.2986425339,21.9457013575,1.5837104072
-1.537176311541488,47.193922349450141,0, 1091002,1002, 2,43,Ledru Rollin,Ecole Elementaire,47 Rue Ledru Rollin,  440109,Nantes,470,1002 - Bureau de vote 1002,843,2,470,7,463,16,8,267,3,37,123,9,3.4557235421,1.7278617711,57.6673866091,0.6479481641,7.9913606911,26.56587473,1.9438444924
-1.527462645826656,47.194761550574498,0, 1091003,1003, 3,42,Jacques Tati,Ecole Primaire,Rue de Saint Jean de Luz,  440109,Nantes,397,1003 - Bureau de vote 1003,891,2,397,10,387,13,5,297,6,12,44,10,3.3591731266,1.2919896641,76.7441860465,1.5503875969,3.1007751938,11.3695090439,2.5839793282
-1.531014314196204,47.193514547907348,0, 1091004,1004, 4,43,Ledru Rollin,Ecole Elementaire,47 Rue Ledru Rollin,  440109,Nantes,474,1004 - Bureau de vote 1004,900,6,474,6,468,24,6,287,7,36,100,8,5.1282051282,1.2820512821,61.3247863248,1.4957264957,7.6923076923,21.3675213675,1.7094017094
-1.530420947755082,47.190123558393758,0, 1091005,1005, 5,43,Ledru Rollin,Ecole Elementaire,47 Rue Ledru Rollin,  440109,Nantes,434,1005 - Bureau de vote 1005,783,11,434,9,425,14,6,282,6,26,84,7,3.2941176471,1.4117647059,66.3529411765,1.4117647059,6.1176470588,19.7647058824,1.6470588235
-1.525226289628072,47.188749288785957,0, 1091006,1006, 6,43,Ledru Rollin,Ecole Elementaire,47 Rue Ledru Rollin,  440109,Nantes,395,1006 - Bureau de vote 1006,698,4,395,8,387,10,5,254,0,18,92,8,2.5839793282,1.2919896641,65.6330749354,0,4.6511627907,23.7726098191,2.0671834625
-1.524595812676848,47.183459778649137,0, 1091007,1007, 7,43,Ledru Rollin,Ecole Elementaire,47 Rue Ledru Rollin,  440109,Nantes,401,1007 - Bureau de vote 1007,774,6,401,8,393,8,11,236,1,28,106,3,2.0356234097,2.7989821883,60.0508905852,0.2544529262,7.1246819338,26.9720101781,0.7633587786
-1.519347020026906,47.18684948231131,0, 1091008,1008, 8,43,Ledru Rollin,Ecole Elementaire,47 Rue Ledru Rollin,  440109,Nantes,402,1008 - Bureau de vote 1008,688,7,402,8,394,12,5,247,2,11,108,9,3.0456852792,1.269035533,62.6903553299,0.5076142132,2.7918781726,27.4111675127,2.2842639594
-1.5328159384884,47.187145539121268,0, 1091009,1009, 9,43,Ledru Rollin,Ecole Elementaire,47 Rue Ledru Rollin,  440109,Nantes,285,1009 - Bureau de vote 1009,530,4,285,8,277,14,8,175,2,21,55,2,5.0541516245,2.8880866426,63.1768953069,0.7220216606,7.5812274368,19.8555956679,0.7220216606
-1.59947804860401,47.207369852175624,0, 1091101,1101, 1,44,Lucie Aubrac,Ecole Maternelle,47 Boulevard Jean Moulin,  440109,Nantes,377,1101 - Bureau de vote 1101,688,8,377,3,374,9,8,273,3,9,66,6,2.4064171123,2.1390374332,72.9946524064,0.8021390374,2.4064171123,17.6470588235,1.6042780749
-1.600576407802146,47.209732502726709,0, 1091102,1102, 2,44,Lucie Aubrac,Ecole Maternelle,47 Boulevard Jean Moulin,  440109,Nantes,473,1102 - Bureau de vote 1102,943,8,473,7,466,16,3,331,1,28,78,9,3.4334763948,0.643776824,71.0300429185,0.2145922747,6.008583691,16.7381974249,1.9313304721
-1.591053142915973,47.212207295555785,0, 1091103,1103, 3,44,Lucie Aubrac,Ecole Maternelle,47 Boulevard Jean Moulin,  440109,Nantes,497,1103 - Bureau de vote 1103,809,8,497,8,489,25,8,274,9,30,140,3,5.1124744376,1.63599182,56.0327198364,1.8404907975,6.1349693252,28.6298568507,0.6134969325
-1.601848144228781,47.215109376596907,0, 1091104,1104, 4,45,Contrie,Ecole Elementaire,19 Rue de la Petite Reine,  440109,Nantes,501,1104 - Bureau de vote 1104,774,11,501,13,488,24,8,272,4,43,127,10,4.9180327869,1.6393442623,55.737704918,0.8196721311,8.8114754098,26.0245901639,2.0491803279
-1.589115540437174,47.215007329682756,0, 1091105,1105, 5,45,Contrie,Ecole Elementaire,19 Rue de la Petite Reine,  440109,Nantes,409,1105 - Bureau de vote 1105,677,9,409,11,398,6,7,195,4,23,156,7,1.5075376884,1.7587939698,48.9949748744,1.0050251256,5.7788944724,39.1959798995,1.7587939698
-1.594739778282182,47.2152938718773,0, 1091106,1106, 6,45,Contrie,Ecole Elementaire,19 Rue de la Petite Reine,  440109,Nantes,413,1106 - Bureau de vote 1106,672,11,413,7,406,13,6,206,1,29,146,5,3.2019704433,1.4778325123,50.7389162562,0.2463054187,7.1428571429,35.960591133,1.2315270936
-1.603563653678346,47.212166082874312,0, 1091107,1107, 7,45,Contrie,Ecole Elementaire,19 Rue de la Petite Reine,  440109,Nantes,456,1107 - Bureau de vote 1107,732,2,456,4,452,22,8,284,1,30,103,4,4.8672566372,1.7699115044,62.8318584071,0.2212389381,6.6371681416,22.7876106195,0.8849557522
-1.5983969975337,47.226649276108553,0, 1091108,1108, 8,46,Dervallires Chzine - SEQUOIA,Ecole Elmentaire,1 Rue Auguste Lepre,  440109,Nantes,240,1108 - Bureau de vote 1108,741,1,240,3,237,6,1,202,1,6,17,4,2.5316455696,0.4219409283,85.2320675105,0.4219409283,2.5316455696,7.1729957806,1.6877637131
-1.596173279534895,47.2225012722378,0, 1091109,1109, 9,46,Dervallires Chzine - SEQUOIA,Ecole Elmentaire,1 Rue Auguste Lepre,  440109,Nantes,238,1109 - Bureau de vote 1109,556,4,238,2,236,10,4,156,1,13,44,8,4.2372881356,1.6949152542,66.1016949153,0.4237288136,5.5084745763,18.6440677966,3.3898305085
-1.591017347457959,47.224357386175157,0, 1091110,1110,10,46,Dervallires Chzine - SEQUOIA,Ecole Elmentaire,1 Rue Auguste Lepre,  440109,Nantes,504,1110 - Bureau de vote 1110,896,7,504,11,493,15,3,300,6,18,144,7,3.0425963489,0.6085192698,60.8519269777,1.2170385396,3.6511156187,29.2089249493,1.4198782961
-1.600577010248456,47.223952672959214,0, 1091111,1111,11,46,Dervallires Chzine - SEQUOIA,Ecole Elmentaire,1 Rue Auguste Lepre,  440109,Nantes,339,1111 - Bureau de vote 1111,825,4,339,5,334,15,4,266,2,5,31,11,4.4910179641,1.1976047904,79.6407185629,0.5988023952,1.497005988,9.2814371257,3.2934131737
-1.588642444211283,47.220266022279787,0, 1091112,1112,12,46,Dervallires Chzine - SEQUOIA,Ecole Elmentaire,1 Rue Auguste Lepre,  440109,Nantes,422,1112 - Bureau de vote 1112,801,10,422,8,414,19,5,237,3,19,123,8,4.5893719807,1.2077294686,57.2463768116,0.7246376812,4.5893719807,29.7101449275,1.9323671498
-1.592361973953385,47.218438127490202,0, 1091113,1113,13,46,Dervallires Chzine - SEQUOIA,Ecole Elmentaire,1 Rue Auguste Lepre,  440109,Nantes,545,1113 - Bureau de vote 1113,959,10,545,10,535,13,2,303,3,30,178,6,2.4299065421,0.3738317757,56.6355140187,0.5607476636,5.6074766355,33.2710280374,1.1214953271
-1.599519741029676,47.219631697134218,0, 1091114,1114,14,46,Dervallires Chzine - SEQUOIA,Ecole Elmentaire,1 Rue Auguste Lepre,  440109,Nantes,380,1114 - Bureau de vote 1114,727,6,380,3,377,16,2,237,4,15,99,4,4.2440318302,0.5305039788,62.8647214854,1.0610079576,3.9787798408,26.2599469496,1.0610079576
-1.590230221199905,47.227830650439905,0, 1091115,1115,15,47,Grand Carcouet,Ecole Elementaire,1 Rue Louis Brisset,  440109,Nantes,538,1115 - Bureau de vote 1115,852,8,538,9,529,19,5,268,5,37,190,5,3.5916824197,0.9451795841,50.6616257089,0.9451795841,6.9943289225,35.9168241966,0.9451795841
