BUREAU_DE_VOTE,IDBUREAU,INSCRITS,PROCURATIONS,VOTANTS,NULS,EXPRIMES,FOURAGE,COMBARNOUS,AYRAULT,BREUS,BLINEAU,JOZAN,DEFRANCE,FOURAGE_P,COMBARNOUS_P,AYRAULT_P,BREUS_P,BLINEAU_P,JOZAN_P,DEFRANCE_P
 0101 - Bureau de vote 0101,0101,1035,16,426,8,418,19,20,206,4,29,134,6,4.5454545455,4.7846889952,49.2822966507,0.956937799,6.9377990431,32.0574162679,1.4354066986
 0102 - Bureau de vote 0102,0102,1270,22,666,16,650,28,17,321,5,56,219,4,4.3076923077,2.6153846154,49.3846153846,0.7692307692,8.6153846154,33.6923076923,0.6153846154
 0103 - Bureau de vote 0103,0103,801,25,492,13,479,22,18,216,1,41,175,6,4.5929018789,3.75782881,45.0939457203,0.2087682672,8.5594989562,36.5344467641,1.2526096033
 0104 - Bureau de vote 0104,0104,1094,7,574,6,568,37,25,313,5,36,146,6,6.514084507,4.4014084507,55.1056338028,0.8802816901,6.338028169,25.7042253521,1.0563380282
 0105 - Bureau de vote 0105,0105,939,12,507,9,498,29,23,231,4,45,161,5,5.8232931727,4.6184738956,46.3855421687,0.8032128514,9.0361445783,32.3293172691,1.0040160643
 0106 - Bureau de vote 0106,0106,710,25,476,4,472,12,7,199,2,37,212,3,2.5423728814,1.4830508475,42.1610169492,0.4237288136,7.8389830508,44.9152542373,0.6355932203
 0107 - Bureau de vote 0107,0107,760,16,466,9,457,23,12,219,3,35,159,6,5.0328227571,2.6258205689,47.9212253829,0.6564551422,7.658643326,34.7921225383,1.3129102845
 0108 - Bureau de vote 0108,0108,627,6,373,5,368,17,5,220,5,16,103,2,4.6195652174,1.3586956522,59.7826086957,1.3586956522,4.347826087,27.9891304348,0.5434782609
 0109 - Bureau de vote 0109,0109,665,8,409,7,402,19,5,204,3,44,122,5,4.7263681592,1.2437810945,50.7462686567,0.7462686567,10.9452736318,30.3482587065,1.2437810945
 0110 - Bureau de vote 0110,0110,711,15,436,8,428,18,3,230,6,30,140,1,4.2056074766,0.7009345794,53.738317757,1.4018691589,7.0093457944,32.7102803738,0.2336448598
 0111 - Bureau de vote 0111,0111,618,11,381,5,376,15,5,168,2,21,164,1,3.9893617021,1.329787234,44.6808510638,0.5319148936,5.585106383,43.6170212766,0.2659574468
 0112 - Bureau de vote 0112,0112,842,12,532,9,523,14,7,195,3,49,251,4,2.6768642447,1.3384321224,37.2848948375,0.5736137667,9.3690248566,47.9923518164,0.7648183556
 0113 - Bureau de vote 0113,0113,900,25,507,8,499,11,10,174,5,31,259,9,2.2044088176,2.004008016,34.869739479,1.002004008,6.2124248497,51.9038076152,1.8036072144
 0114 - Bureau de vote 0114,0114,666,16,387,6,381,13,6,157,2,39,162,2,3.4120734908,1.5748031496,41.2073490814,0.5249343832,10.2362204724,42.5196850394,0.5249343832
 0115 - Bureau de vote 0115,0115,801,19,512,15,497,13,3,209,3,40,227,2,2.615694165,0.6036217304,42.0523138833,0.6036217304,8.0482897384,45.6740442656,0.4024144869
 0116 - Bureau de vote 0116,0116,843,11,479,8,471,7,12,186,3,47,213,3,1.4861995754,2.5477707006,39.4904458599,0.6369426752,9.9787685775,45.2229299363,0.6369426752
 0117 - Bureau de vote 0117,0117,878,13,536,14,522,16,4,261,5,35,196,5,3.0651340996,0.7662835249,50,0.9578544061,6.7049808429,37.5478927203,0.9578544061
 0118 - Bureau de vote 0118,0118,720,9,433,9,424,14,12,228,6,22,136,6,3.3018867925,2.8301886792,53.7735849057,1.4150943396,5.1886792453,32.0754716981,1.4150943396
 0119 - Bureau de vote 0119,0119,801,8,444,5,439,15,11,223,4,43,136,7,3.416856492,2.5056947608,50.7972665148,0.9111617312,9.7949886105,30.979498861,1.5945330296
 0120 - Bureau de vote 0120,0120,675,11,376,4,372,12,5,173,5,28,148,1,3.2258064516,1.3440860215,46.5053763441,1.3440860215,7.5268817204,39.7849462366,0.2688172043
 0121 - Bureau de vote 0121,0121,1030,18,628,12,616,15,7,266,4,47,268,9,2.4350649351,1.1363636364,43.1818181818,0.6493506494,7.6298701299,43.5064935065,1.461038961
 0201 - Bureau de vote 0201,0201,1091,14,614,5,609,27,9,276,6,50,237,4,4.4334975369,1.4778325123,45.3201970443,0.9852216749,8.210180624,38.9162561576,0.6568144499
 0202 - Bureau de vote 0202,0202,798,23,416,10,406,12,17,185,4,16,169,3,2.9556650246,4.1871921182,45.5665024631,0.9852216749,3.9408866995,41.6256157635,0.7389162562
 0203 - Bureau de vote 0203,0203,1201,0,666,15,651,30,30,324,8,31,223,5,4.6082949309,4.6082949309,49.7695852535,1.2288786482,4.7619047619,34.2549923195,0.7680491551
 0204 - Bureau de vote 0204,0204,962,26,561,5,556,22,23,267,3,33,196,12,3.9568345324,4.1366906475,48.0215827338,0.5395683453,5.9352517986,35.2517985612,2.1582733813
 0205 - Bureau de vote 0205,0205,1094,19,613,18,595,18,22,259,4,54,230,8,3.025210084,3.6974789916,43.5294117647,0.6722689076,9.0756302521,38.6554621849,1.3445378151
 0206 - Bureau de vote 0206,0206,838,14,478,7,471,19,27,220,1,31,166,7,4.033970276,5.7324840764,46.7091295117,0.2123142251,6.5817409766,35.2441613588,1.4861995754
 0207 - Bureau de vote 0207,0207,867,30,511,10,501,18,4,205,2,25,242,5,3.5928143713,0.7984031936,40.9181636727,0.3992015968,4.9900199601,48.3033932136,0.998003992
 0208 - Bureau de vote 0208,0208,768,23,447,4,443,17,13,194,3,34,180,2,3.8374717833,2.934537246,43.7923250564,0.6772009029,7.6749435666,40.6320541761,0.4514672686
 0209 - Bureau de vote 0209,0209,751,14,493,4,489,14,10,248,3,38,169,7,2.8629856851,2.0449897751,50.7157464213,0.6134969325,7.7709611452,34.5603271984,1.4314928425
 0210 - Bureau de vote 0210,0210,767,11,438,5,433,8,6,222,0,37,154,6,1.8475750577,1.3856812933,51.2702078522,0,8.545034642,35.5658198614,1.3856812933
 0211 - Bureau de vote 0211,0211,804,17,407,15,392,17,9,144,3,25,189,5,4.3367346939,2.2959183673,36.7346938776,0.7653061224,6.3775510204,48.2142857143,1.2755102041
 0212 - Bureau de vote 0212,0212,888,21,502,9,493,6,4,213,1,50,216,3,1.2170385396,0.8113590264,43.2048681542,0.2028397566,10.1419878296,43.8133874239,0.6085192698
 0213 - Bureau de vote 0213,0213,764,9,484,8,476,14,12,261,3,28,153,5,2.9411764706,2.5210084034,54.8319327731,0.6302521008,5.8823529412,32.1428571429,1.0504201681
 0214 - Bureau de vote 0214,0214,783,7,433,2,431,12,8,260,2,24,118,7,2.7842227378,1.8561484919,60.3248259861,0.464037123,5.5684454756,27.3781902552,1.6241299304
 0215 - Bureau de vote 0215,0215,668,7,421,7,414,22,5,244,7,22,106,8,5.3140096618,1.2077294686,58.9371980676,1.690821256,5.3140096618,25.6038647343,1.9323671498
 0216 - Bureau de vote 0216,0216,952,13,489,15,474,26,12,279,3,27,120,7,5.4852320675,2.5316455696,58.8607594937,0.6329113924,5.6962025316,25.3164556962,1.4767932489
 0217 - Bureau de vote 0217,0217,811,12,499,12,487,17,11,267,7,44,138,3,3.4907597536,2.2587268994,54.8254620123,1.4373716632,9.0349075975,28.3367556468,0.6160164271
 0218 - Bureau de vote 0218,0218,871,13,541,11,530,12,7,325,10,41,130,5,2.2641509434,1.320754717,61.320754717,1.8867924528,7.7358490566,24.5283018868,0.9433962264
 0219 - Bureau de vote 0219,0219,1174,10,557,11,546,20,6,319,6,37,136,22,3.663003663,1.0989010989,58.4249084249,1.0989010989,6.7765567766,24.9084249084,4.0293040293
 0220 - Bureau de vote 0220,0220,934,6,412,10,402,15,5,334,6,16,20,6,3.7313432836,1.2437810945,83.0845771144,1.4925373134,3.9800995025,4.9751243781,1.4925373134
 0221 - Bureau de vote 0221,0221,1103,6,463,7,456,18,5,346,4,16,62,5,3.9473684211,1.0964912281,75.8771929825,0.8771929825,3.5087719298,13.5964912281,1.0964912281
 0222 - Bureau de vote 0222,0222,838,12,432,3,429,24,21,237,1,22,117,7,5.5944055944,4.8951048951,55.2447552448,0.2331002331,5.1282051282,27.2727272727,1.6317016317
 0223 - Bureau de vote 0223,0223,1063,7,572,9,563,34,17,337,6,29,122,18,6.0390763766,3.0195381883,59.8579040853,1.0657193606,5.1509769094,21.6696269982,3.1971580817
 0224 - Bureau de vote 0224,0224,844,13,438,8,430,25,20,261,5,21,86,12,5.8139534884,4.6511627907,60.6976744186,1.1627906977,4.8837209302,20,2.7906976744
 0301 - Bureau de vote 0301,0301,824,11,422,5,417,34,16,227,4,24,107,5,8.1534772182,3.8369304556,54.4364508393,0.9592326139,5.7553956835,25.6594724221,1.1990407674
 0302 - Bureau de vote 0302,0302,809,16,358,8,350,20,36,187,4,27,71,5,5.7142857143,10.2857142857,53.4285714286,1.1428571429,7.7142857143,20.2857142857,1.4285714286
 0303 - Bureau de vote 0303,0303,812,8,421,12,409,21,22,217,1,28,117,3,5.1344743276,5.3789731051,53.0562347188,0.2444987775,6.8459657702,28.6063569682,0.7334963325
 0304 - Bureau de vote 0304,0304,677,11,360,4,356,13,30,175,3,23,106,6,3.6516853933,8.4269662921,49.1573033708,0.8426966292,6.4606741573,29.7752808989,1.6853932584
 0305 - Bureau de vote 0305,0305,731,7,363,8,355,17,14,173,1,25,124,1,4.7887323944,3.9436619718,48.7323943662,0.2816901408,7.0422535211,34.9295774648,0.2816901408
 0306 - Bureau de vote 0306,0306,971,23,510,5,505,13,15,217,4,33,223,0,2.5742574257,2.9702970297,42.9702970297,0.7920792079,6.5346534653,44.1584158416,0
 0307 - Bureau de vote 0307,0307,845,9,483,4,479,21,13,229,5,30,177,4,4.3841336117,2.7139874739,47.8079331942,1.0438413361,6.2630480167,36.9519832985,0.8350730689
 0308 - Bureau de vote 0308,0308,1120,4,566,6,560,30,46,317,8,52,95,12,5.3571428571,8.2142857143,56.6071428571,1.4285714286,9.2857142857,16.9642857143,2.1428571429
 0309 - Bureau de vote 0309,0309,801,21,425,2,423,14,21,221,0,23,140,4,3.3096926714,4.9645390071,52.2458628842,0,5.4373522459,33.0969267139,0.9456264775
 0310 - Bureau de vote 0310,0310,1041,9,541,5,536,20,17,334,4,29,122,10,3.7313432836,3.171641791,62.3134328358,0.7462686567,5.4104477612,22.7611940299,1.8656716418
 0311 - Bureau de vote 0311,0311,881,4,436,16,420,9,6,285,4,20,87,9,2.1428571429,1.4285714286,67.8571428571,0.9523809524,4.7619047619,20.7142857143,2.1428571429
 0312 - Bureau de vote 0312,0312,925,13,557,15,542,19,10,311,5,33,155,9,3.5055350554,1.8450184502,57.3800738007,0.9225092251,6.0885608856,28.5977859779,1.6605166052
 0313 - Bureau de vote 0313,0313,820,6,463,6,457,15,4,262,8,32,127,9,3.2822757112,0.875273523,57.3304157549,1.750547046,7.0021881838,27.7899343545,1.9693654267
 0314 - Bureau de vote 0314,0314,828,10,473,8,465,16,7,278,0,19,133,12,3.4408602151,1.5053763441,59.7849462366,0,4.0860215054,28.6021505376,2.5806451613
 0315 - Bureau de vote 0315,0315,919,5,424,5,419,20,8,250,5,20,103,13,4.7732696897,1.9093078759,59.6658711217,1.1933174224,4.7732696897,24.5823389021,3.1026252983
 0316 - Bureau de vote 0316,0316,800,10,425,9,416,20,11,245,2,34,96,8,4.8076923077,2.6442307692,58.8942307692,0.4807692308,8.1730769231,23.0769230769,1.9230769231
 0317 - Bureau de vote 0317,0317,767,3,400,8,392,27,7,270,4,20,53,11,6.887755102,1.7857142857,68.8775510204,1.0204081633,5.1020408163,13.5204081633,2.806122449
 0318 - Bureau de vote 0318,0318,638,3,301,0,301,22,9,191,4,16,50,9,7.3089700997,2.9900332226,63.4551495017,1.3289036545,5.3156146179,16.6112956811,2.9900332226
 0319 - Bureau de vote 0319,0319,1187,9,515,14,501,29,16,346,5,26,67,12,5.7884231537,3.1936127745,69.0618762475,0.998003992,5.1896207585,13.373253493,2.3952095808
 0320 - Bureau de vote 0320,0320,838,7,375,5,370,29,30,225,4,18,57,7,7.8378378378,8.1081081081,60.8108108108,1.0810810811,4.8648648649,15.4054054054,1.8918918919
 0321 - Bureau de vote 0321,0321,910,7,411,10,401,18,6,242,7,35,82,11,4.4887780549,1.4962593516,60.349127182,1.7456359102,8.7281795511,20.4488778055,2.7431421446
 0401 - Bureau de vote 0401,0401,832,12,399,6,393,17,9,155,1,36,171,4,4.3256997455,2.2900763359,39.4402035623,0.2544529262,9.1603053435,43.5114503817,1.0178117048
 0402 - Bureau de vote 0402,0402,851,27,492,11,481,6,11,144,1,32,283,4,1.2474012474,2.2869022869,29.9376299376,0.2079002079,6.6528066528,58.8357588358,0.8316008316
 0403 - Bureau de vote 0403,0403,887,23,516,18,498,19,6,145,2,30,291,5,3.8152610442,1.2048192771,29.1164658635,0.4016064257,6.0240963855,58.4337349398,1.0040160643
 0404 - Bureau de vote 0404,0404,903,28,531,15,516,17,6,162,3,33,290,5,3.2945736434,1.1627906977,31.3953488372,0.5813953488,6.3953488372,56.2015503876,0.9689922481
 0405 - Bureau de vote 0405,0405,1153,40,655,16,639,4,9,179,4,45,395,3,0.6259780908,1.4084507042,28.0125195618,0.6259780908,7.0422535211,61.8153364632,0.4694835681
 0406 - Bureau de vote 0406,0406,812,7,439,11,428,8,8,115,3,35,254,5,1.8691588785,1.8691588785,26.8691588785,0.7009345794,8.1775700935,59.3457943925,1.1682242991
 0407 - Bureau de vote 0407,0407,1076,5,608,9,599,25,13,338,6,37,176,4,4.1736227045,2.1702838063,56.4273789649,1.0016694491,6.1769616027,29.3823038397,0.6677796327
 0408 - Bureau de vote 0408,0408,1142,26,640,15,625,22,9,348,4,28,203,11,3.52,1.44,55.68,0.64,4.48,32.48,1.76
 0409 - Bureau de vote 0409,0409,954,17,556,4,552,12,8,232,5,48,244,3,2.1739130435,1.4492753623,42.0289855072,0.9057971014,8.6956521739,44.2028985507,0.5434782609
 0410 - Bureau de vote 0410,0410,883,15,500,8,492,24,3,280,2,36,143,4,4.8780487805,0.6097560976,56.9105691057,0.406504065,7.3170731707,29.0650406504,0.8130081301
 0411 - Bureau de vote 0411,0411,938,23,570,8,562,16,7,218,2,34,285,0,2.846975089,1.2455516014,38.7900355872,0.3558718861,6.0498220641,50.7117437722,0
 0412 - Bureau de vote 0412,0412,905,8,537,11,526,10,4,241,7,40,219,5,1.9011406844,0.7604562738,45.8174904943,1.3307984791,7.6045627376,41.6349809886,0.9505703422
 0413 - Bureau de vote 0413,0413,1037,39,611,13,598,13,9,280,2,41,251,2,2.1739130435,1.5050167224,46.8227424749,0.3344481605,6.856187291,41.9732441472,0.3344481605
 0414 - Bureau de vote 0414,0414,955,17,562,5,557,9,5,183,5,57,290,8,1.6157989228,0.8976660682,32.8545780969,0.8976660682,10.2333931777,52.0646319569,1.4362657092
 0415 - Bureau de vote 0415,0415,1031,29,599,12,587,6,7,139,1,38,396,0,1.0221465077,1.1925042589,23.6797274276,0.1703577513,6.4735945486,67.461669506,0
 0416 - Bureau de vote 0416,0416,961,14,473,5,468,9,14,139,1,44,258,3,1.9230769231,2.9914529915,29.7008547009,0.2136752137,9.4017094017,55.1282051282,0.641025641
 0417 - Bureau de vote 0417,0417,1004,19,567,6,561,8,9,271,4,32,233,4,1.4260249554,1.6042780749,48.3065953654,0.7130124777,5.7040998217,41.5329768271,0.7130124777
 0418 - Bureau de vote 0418,0418,792,14,460,6,454,13,13,170,6,37,209,6,2.8634361233,2.8634361233,37.4449339207,1.3215859031,8.1497797357,46.0352422907,1.3215859031
 0419 - Bureau de vote 0419,0419,1396,20,713,21,692,37,11,344,4,55,232,9,5.3468208092,1.5895953757,49.710982659,0.5780346821,7.9479768786,33.5260115607,1.3005780347
 0420 - Bureau de vote 0420,0420,914,17,515,11,504,11,11,165,5,36,275,1,2.1825396825,2.1825396825,32.7380952381,0.9920634921,7.1428571429,54.5634920635,0.1984126984
 0421 - Bureau de vote 0421,0421,1012,36,574,13,561,11,19,243,1,29,253,5,1.9607843137,3.3868092692,43.3155080214,0.1782531194,5.1693404635,45.0980392157,0.8912655971
 0422 - Bureau de vote 0422,0422,910,12,456,8,448,16,13,231,3,30,149,6,3.5714285714,2.9017857143,51.5625,0.6696428571,6.6964285714,33.2589285714,1.3392857143
 0423 - Bureau de vote 0423,0423,909,7,440,11,429,21,9,277,4,40,73,5,4.8951048951,2.0979020979,64.5687645688,0.9324009324,9.324009324,17.0163170163,1.1655011655
 0501 - Bureau de vote 0501,0501,1040,11,620,11,609,30,12,339,5,58,160,5,4.9261083744,1.9704433498,55.6650246305,0.8210180624,9.5238095238,26.2725779967,0.8210180624
 0502 - Bureau de vote 0502,0502,816,14,496,4,492,31,5,311,5,26,104,10,6.3008130081,1.0162601626,63.2113821138,1.0162601626,5.2845528455,21.1382113821,2.0325203252
 0503 - Bureau de vote 0503,0503,949,11,578,6,572,22,23,340,2,43,126,16,3.8461538462,4.020979021,59.4405594406,0.3496503497,7.5174825175,22.027972028,2.7972027972
 0504 - Bureau de vote 0504,0504,1008,6,610,10,600,20,15,389,3,35,121,17,3.3333333333,2.5,64.8333333333,0.5,5.8333333333,20.1666666667,2.8333333333
 0505 - Bureau de vote 0505,0505,963,4,609,8,601,21,15,366,6,39,144,10,3.4941763727,2.4958402662,60.8985024958,0.9983361065,6.4891846922,23.9600665557,1.6638935108
 0506 - Bureau de vote 0506,0506,975,12,501,10,491,19,5,346,7,20,83,11,3.8696537678,1.0183299389,70.4684317719,1.4256619145,4.0733197556,16.9042769857,2.2403258656
 0507 - Bureau de vote 0507,0507,936,13,607,6,601,34,18,361,2,21,158,7,5.6572379368,2.9950083195,60.0665557404,0.3327787022,3.4941763727,26.2895174709,1.1647254576
 0508 - Bureau de vote 0508,0508,818,10,423,13,410,14,8,283,3,15,81,6,3.4146341463,1.9512195122,69.0243902439,0.7317073171,3.6585365854,19.756097561,1.4634146341
 0509 - Bureau de vote 0509,0509,967,11,544,5,539,21,20,267,3,40,181,7,3.8961038961,3.7105751391,49.5361781076,0.5565862709,7.4211502783,33.5807050093,1.2987012987
 0510 - Bureau de vote 0510,0510,1200,19,659,8,651,39,12,400,5,44,141,10,5.9907834101,1.8433179724,61.4439324117,0.7680491551,6.7588325653,21.6589861751,1.5360983103
 0511 - Bureau de vote 0511,0511,1177,8,597,12,585,45,9,381,13,12,120,5,7.6923076923,1.5384615385,65.1282051282,2.2222222222,2.0512820513,20.5128205128,0.8547008547
 0512 - Bureau de vote 0512,0512,766,5,455,6,449,25,10,306,5,18,81,4,5.5679287305,2.2271714922,68.1514476615,1.1135857461,4.008908686,18.0400890869,0.8908685969
 0513 - Bureau de vote 0513,0513,902,4,478,4,474,21,11,343,4,14,71,10,4.4303797468,2.3206751055,72.3628691983,0.8438818565,2.9535864979,14.9789029536,2.1097046414
 0514 - Bureau de vote 0514,0514,807,4,339,7,332,21,1,221,7,13,61,8,6.3253012048,0.3012048193,66.5662650602,2.1084337349,3.9156626506,18.3734939759,2.4096385542
 0515 - Bureau de vote 0515,0515,671,6,364,6,358,15,10,258,4,8,54,9,4.1899441341,2.7932960894,72.0670391061,1.1173184358,2.2346368715,15.0837988827,2.5139664804
 0516 - Bureau de vote 0516,0516,871,2,342,4,338,13,1,267,1,9,38,9,3.8461538462,0.2958579882,78.9940828402,0.2958579882,2.6627218935,11.2426035503,2.6627218935
 0517 - Bureau de vote 0517,0517,600,4,293,10,283,6,3,211,4,9,46,4,2.1201413428,1.0600706714,74.5583038869,1.4134275618,3.1802120141,16.2544169611,1.4134275618
 0518 - Bureau de vote 0518,0518,749,1,355,6,349,6,1,264,3,9,60,6,1.7191977077,0.2865329513,75.6446991404,0.8595988539,2.5787965616,17.1919770774,1.7191977077
 0601 - Bureau de vote 0601,0601,699,1,287,8,279,16,1,201,2,10,38,11,5.7347670251,0.3584229391,72.0430107527,0.7168458781,3.5842293907,13.6200716846,3.9426523297
 0602 - Bureau de vote 0602,0602,815,4,377,8,369,12,6,241,3,19,84,4,3.2520325203,1.6260162602,65.3116531165,0.8130081301,5.1490514905,22.7642276423,1.0840108401
 0603 - Bureau de vote 0603,0603,749,0,357,7,350,9,3,241,6,13,71,7,2.5714285714,0.8571428571,68.8571428571,1.7142857143,3.7142857143,20.2857142857,2
 0604 - Bureau de vote 0604,0604,831,12,476,14,462,23,0,227,3,42,160,7,4.9783549784,0,49.1341991342,0.6493506494,9.0909090909,34.632034632,1.5151515152
 0605 - Bureau de vote 0605,0605,1086,7,624,10,614,9,3,280,3,56,257,6,1.4657980456,0.4885993485,45.6026058632,0.4885993485,9.1205211726,41.8566775244,0.9771986971
 0606 - Bureau de vote 0606,0606,925,12,506,9,497,17,6,232,10,41,188,3,3.4205231388,1.2072434608,46.6800804829,2.0120724346,8.2494969819,37.8269617706,0.6036217304
 0607 - Bureau de vote 0607,0607,929,6,510,12,498,12,2,320,4,26,129,5,2.4096385542,0.4016064257,64.2570281124,0.8032128514,5.2208835341,25.9036144578,1.0040160643
 0608 - Bureau de vote 0608,0608,980,10,555,12,543,13,7,278,3,47,187,8,2.394106814,1.2891344383,51.197053407,0.5524861878,8.6556169429,34.438305709,1.4732965009
 0609 - Bureau de vote 0609,0609,738,6,432,13,419,13,1,264,2,25,113,1,3.1026252983,0.2386634845,63.0071599045,0.477326969,5.9665871122,26.968973747,0.2386634845
 0610 - Bureau de vote 0610,0610,1095,14,651,16,635,14,7,342,6,45,214,7,2.2047244094,1.1023622047,53.8582677165,0.9448818898,7.0866141732,33.7007874016,1.1023622047
 0611 - Bureau de vote 0611,0611,1023,26,600,8,592,10,12,193,5,55,316,1,1.6891891892,2.027027027,32.6013513514,0.8445945946,9.2905405405,53.3783783784,0.1689189189
 0612 - Bureau de vote 0612,0612,935,22,577,9,568,19,7,202,5,69,261,5,3.3450704225,1.2323943662,35.5633802817,0.8802816901,12.1478873239,45.9507042254,0.8802816901
 0613 - Bureau de vote 0613,0613,984,12,566,12,554,13,4,227,4,42,259,5,2.3465703971,0.7220216606,40.9747292419,0.7220216606,7.5812274368,46.7509025271,0.9025270758
 0614 - Bureau de vote 0614,0614,933,13,559,16,543,10,9,188,5,47,279,5,1.8416206262,1.6574585635,34.6224677716,0.9208103131,8.6556169429,51.3812154696,0.9208103131
 0615 - Bureau de vote 0615,0615,863,21,531,14,517,21,6,280,2,35,170,3,4.0618955513,1.1605415861,54.1586073501,0.3868471954,6.7698259188,32.8820116054,0.580270793
 0616 - Bureau de vote 0616,0616,1080,3,587,14,573,17,10,333,8,46,154,5,2.9668411867,1.7452006981,58.1151832461,1.3961605585,8.0279232112,26.8760907504,0.872600349
 0617 - Bureau de vote 0617,0617,977,18,587,11,576,15,11,266,2,53,225,4,2.6041666667,1.9097222222,46.1805555556,0.3472222222,9.2013888889,39.0625,0.6944444444
 0618 - Bureau de vote 0618,0618,930,13,535,5,530,10,10,303,3,28,168,8,1.8867924528,1.8867924528,57.1698113208,0.5660377358,5.2830188679,31.6981132075,1.5094339623
 0619 - Bureau de vote 0619,0619,871,10,563,17,546,23,11,317,12,44,138,1,4.2124542125,2.0146520147,58.0586080586,2.1978021978,8.0586080586,25.2747252747,0.1831501832
 0701 - Bureau de vote 0701,0701,801,12,405,4,401,14,3,224,2,39,113,6,3.4912718204,0.7481296758,55.8603491272,0.4987531172,9.7256857855,28.1795511222,1.4962593516
 0702 - Bureau de vote 0702,0702,1090,8,567,7,560,22,6,389,10,26,87,20,3.9285714286,1.0714285714,69.4642857143,1.7857142857,4.6428571429,15.5357142857,3.5714285714
 0703 - Bureau de vote 0703,0703,1013,10,603,11,592,21,2,345,7,55,151,11,3.5472972973,0.3378378378,58.277027027,1.1824324324,9.2905405405,25.5067567568,1.8581081081
 0704 - Bureau de vote 0704,0704,741,5,338,2,336,14,4,245,4,12,45,12,4.1666666667,1.1904761905,72.9166666667,1.1904761905,3.5714285714,13.3928571429,3.5714285714
 0705 - Bureau de vote 0705,0705,745,8,453,7,446,18,3,303,2,19,92,9,4.0358744395,0.6726457399,67.9372197309,0.4484304933,4.2600896861,20.6278026906,2.0179372197
 0706 - Bureau de vote 0706,0706,1084,3,422,5,417,22,2,318,7,13,48,7,5.2757793765,0.479616307,76.2589928058,1.6786570743,3.1175059952,11.5107913669,1.6786570743
 0707 - Bureau de vote 0707,0707,1311,12,559,7,552,28,3,360,8,33,100,20,5.0724637681,0.5434782609,65.2173913043,1.4492753623,5.9782608696,18.115942029,3.6231884058
 0708 - Bureau de vote 0708,0708,833,2,385,3,382,15,1,243,7,17,89,10,3.9267015707,0.2617801047,63.612565445,1.832460733,4.4502617801,23.2984293194,2.6178010471
 0709 - Bureau de vote 0709,0709,923,1,465,10,455,23,5,308,3,15,93,8,5.0549450549,1.0989010989,67.6923076923,0.6593406593,3.2967032967,20.4395604396,1.7582417582
 0710 - Bureau de vote 0710,0710,827,6,415,8,407,27,4,290,11,18,52,5,6.6339066339,0.9828009828,71.2530712531,2.7027027027,4.4226044226,12.7764127764,1.2285012285
 0711 - Bureau de vote 0711,0711,763,15,522,10,512,14,5,274,6,34,175,4,2.734375,0.9765625,53.515625,1.171875,6.640625,34.1796875,0.78125
 0712 - Bureau de vote 0712,0712,841,2,463,8,455,21,6,276,6,34,108,4,4.6153846154,1.3186813187,60.6593406593,1.3186813187,7.4725274725,23.7362637363,0.8791208791
 0713 - Bureau de vote 0713,0713,1064,19,652,14,638,20,14,310,9,61,218,6,3.1347962382,2.1943573668,48.5893416928,1.4106583072,9.5611285266,34.1692789969,0.9404388715
 0714 - Bureau de vote 0714,0714,732,12,398,7,391,15,10,226,3,31,102,4,3.8363171355,2.557544757,57.800511509,0.7672634271,7.9283887468,26.0869565217,1.0230179028
 0715 - Bureau de vote 0715,0715,772,16,464,6,458,13,6,267,7,43,113,9,2.8384279476,1.3100436681,58.2969432314,1.5283842795,9.3886462882,24.672489083,1.9650655022
 0801 - Bureau de vote 0801,0801,714,1,390,11,379,9,6,242,6,19,84,13,2.3746701847,1.5831134565,63.8522427441,1.5831134565,5.0131926121,22.1635883905,3.4300791557
 0802 - Bureau de vote 0802,0802,738,1,345,2,343,16,2,242,4,8,64,7,4.6647230321,0.583090379,70.5539358601,1.166180758,2.332361516,18.6588921283,2.0408163265
 0803 - Bureau de vote 0803,0803,764,10,428,8,420,12,4,255,8,29,108,4,2.8571428571,0.9523809524,60.7142857143,1.9047619048,6.9047619048,25.7142857143,0.9523809524
 0804 - Bureau de vote 0804,0804,870,15,481,6,475,20,7,267,4,25,145,7,4.2105263158,1.4736842105,56.2105263158,0.8421052632,5.2631578947,30.5263157895,1.4736842105
 0805 - Bureau de vote 0805,0805,655,14,408,3,405,5,3,176,4,39,175,3,1.2345679012,0.7407407407,43.4567901235,0.987654321,9.6296296296,43.2098765432,0.7407407407
 0806 - Bureau de vote 0806,0806,599,4,358,5,353,12,5,169,3,30,132,2,3.3994334278,1.4164305949,47.8753541076,0.8498583569,8.4985835694,37.3937677054,0.566572238
 0807 - Bureau de vote 0807,0807,1067,17,662,7,655,19,7,368,5,67,183,6,2.9007633588,1.0687022901,56.1832061069,0.7633587786,10.2290076336,27.9389312977,0.9160305344
 0808 - Bureau de vote 0808,0808,1187,23,689,16,673,24,8,360,4,65,202,10,3.5661218425,1.1887072808,53.4918276374,0.5943536404,9.6582466568,30.014858841,1.485884101
 0809 - Bureau de vote 0809,0809,843,9,401,10,391,11,1,276,3,22,73,5,2.8132992327,0.2557544757,70.5882352941,0.7672634271,5.6265984655,18.6700767263,1.2787723785
 0810 - Bureau de vote 0810,0810,815,7,492,15,477,18,3,323,4,26,91,12,3.7735849057,0.6289308176,67.714884696,0.8385744235,5.4507337526,19.0775681342,2.5157232704
 0811 - Bureau de vote 0811,0811,1063,7,581,20,561,21,1,378,6,31,106,18,3.743315508,0.1782531194,67.3796791444,1.0695187166,5.5258467023,18.8948306595,3.2085561497
 0812 - Bureau de vote 0812,0812,1000,11,608,14,594,33,4,369,4,37,140,7,5.5555555556,0.6734006734,62.1212121212,0.6734006734,6.228956229,23.569023569,1.1784511785
 0813 - Bureau de vote 0813,0813,838,3,301,10,291,20,3,220,2,7,28,11,6.8728522337,1.0309278351,75.6013745704,0.6872852234,2.4054982818,9.6219931271,3.7800687285
 0814 - Bureau de vote 0814,0814,1141,13,691,12,679,24,4,435,11,50,145,10,3.5346097202,0.58910162,64.0648011782,1.6200294551,7.3637702504,21.3549337261,1.4727540501
 0815 - Bureau de vote 0815,0815,952,13,573,6,567,29,6,381,1,44,96,10,5.114638448,1.0582010582,67.1957671958,0.176366843,7.7601410935,16.9312169312,1.7636684303
 0816 - Bureau de vote 0816,0816,671,8,399,9,390,11,4,227,6,26,110,6,2.8205128205,1.0256410256,58.2051282051,1.5384615385,6.6666666667,28.2051282051,1.5384615385
 0817 - Bureau de vote 0817,0817,983,13,520,12,508,25,4,291,8,25,148,7,4.9212598425,0.7874015748,57.2834645669,1.5748031496,4.9212598425,29.1338582677,1.3779527559
 0818 - Bureau de vote 0818,0818,988,12,535,17,518,18,4,315,3,37,137,4,3.4749034749,0.7722007722,60.8108108108,0.5791505792,7.1428571429,26.4478764479,0.7722007722
 0819 - Bureau de vote 0819,0819,849,11,483,12,471,30,4,335,7,13,70,12,6.3694267516,0.8492569002,71.1252653928,1.4861995754,2.7600849257,14.8619957537,2.5477707006
 0820 - Bureau de vote 0820,0820,871,9,547,11,536,17,1,267,4,55,186,6,3.171641791,0.1865671642,49.8134328358,0.7462686567,10.2611940299,34.7014925373,1.1194029851
 0901 - Bureau de vote 0901,0901,834,9,452,5,447,23,5,247,3,21,140,8,5.1454138702,1.1185682327,55.2572706935,0.6711409396,4.6979865772,31.3199105145,1.7897091723
 0902 - Bureau de vote 0902,0902,875,9,486,12,474,15,10,241,2,42,153,11,3.164556962,2.1097046414,50.8438818565,0.4219409283,8.8607594937,32.2784810127,2.3206751055
 0903 - Bureau de vote 0903,0903,848,12,476,6,470,19,4,252,5,47,137,6,4.0425531915,0.8510638298,53.6170212766,1.0638297872,10,29.1489361702,1.2765957447
 0904 - Bureau de vote 0904,0904,766,13,497,6,491,5,3,245,0,41,194,3,1.0183299389,0.6109979633,49.8981670061,0,8.350305499,39.5112016293,0.6109979633
 0905 - Bureau de vote 0905,0905,665,8,354,5,349,8,2,240,2,12,79,6,2.2922636103,0.5730659026,68.7679083095,0.5730659026,3.4383954155,22.6361031519,1.7191977077
 0906 - Bureau de vote 0906,0906,1008,4,421,8,413,17,1,293,5,14,72,11,4.1162227603,0.2421307506,70.9443099274,1.210653753,3.3898305085,17.4334140436,2.6634382567
 0907 - Bureau de vote 0907,0907,990,14,539,8,531,16,8,341,7,37,110,12,3.0131826742,1.5065913371,64.2184557439,1.31826742,6.9679849341,20.7156308851,2.2598870056
 0908 - Bureau de vote 0908,0908,723,1,311,4,307,19,2,225,6,8,40,7,6.1889250814,0.651465798,73.2899022801,1.9543973941,2.6058631922,13.0293159609,2.2801302932
 0909 - Bureau de vote 0909,0909,759,5,353,8,345,14,8,261,3,6,48,5,4.0579710145,2.3188405797,75.652173913,0.8695652174,1.7391304348,13.9130434783,1.4492753623
 0910 - Bureau de vote 0910,0910,774,7,448,12,436,18,3,303,4,17,80,11,4.128440367,0.6880733945,69.495412844,0.9174311927,3.8990825688,18.3486238532,2.5229357798
 0911 - Bureau de vote 0911,0911,927,10,494,2,492,16,4,302,10,15,140,5,3.2520325203,0.8130081301,61.3821138211,2.0325203252,3.0487804878,28.4552845528,1.0162601626
 0912 - Bureau de vote 0912,0912,773,2,411,15,396,13,8,265,2,19,83,6,3.2828282828,2.0202020202,66.9191919192,0.5050505051,4.797979798,20.9595959596,1.5151515152
 0913 - Bureau de vote 0913,0913,959,10,578,17,561,23,6,382,1,43,96,10,4.0998217469,1.0695187166,68.0926916221,0.1782531194,7.6648841355,17.1122994652,1.7825311943
 0914 - Bureau de vote 0914,0914,895,8,580,15,565,28,5,340,9,34,135,14,4.9557522124,0.8849557522,60.1769911504,1.592920354,6.017699115,23.8938053097,2.4778761062
 0915 - Bureau de vote 0915,0915,825,6,484,8,476,29,3,309,8,15,82,30,6.0924369748,0.6302521008,64.9159663866,1.6806722689,3.1512605042,17.2268907563,6.3025210084
 0916 - Bureau de vote 0916,0916,993,19,690,14,676,22,5,409,8,50,177,5,3.2544378698,0.7396449704,60.5029585799,1.1834319527,7.3964497041,26.1834319527,0.7396449704
 0917 - Bureau de vote 0917,0917,734,6,487,16,471,21,10,284,6,27,106,17,4.4585987261,2.1231422505,60.2972399151,1.2738853503,5.7324840764,22.5053078556,3.6093418259
 0918 - Bureau de vote 0918,0918,1118,8,624,9,615,22,7,383,5,26,161,11,3.5772357724,1.1382113821,62.2764227642,0.8130081301,4.2276422764,26.1788617886,1.7886178862
 0919 - Bureau de vote 0919,0919,863,22,541,2,539,18,13,348,4,23,124,9,3.3395176252,2.4118738404,64.5640074212,0.7421150278,4.26716141,23.0055658627,1.6697588126
 0920 - Bureau de vote 0920,0920,748,7,453,6,447,19,5,334,4,17,57,11,4.2505592841,1.1185682327,74.7203579418,0.8948545861,3.8031319911,12.7516778523,2.4608501119
 0921 - Bureau de vote 0921,0921,995,13,614,12,602,30,5,379,10,29,140,9,4.9833887043,0.8305647841,62.9568106312,1.6611295681,4.8172757475,23.2558139535,1.4950166113
 0922 - Bureau de vote 0922,0922,1202,15,765,20,745,19,9,449,9,49,193,17,2.5503355705,1.2080536913,60.2684563758,1.2080536913,6.5771812081,25.9060402685,2.2818791946
 0923 - Bureau de vote 0923,0923,801,6,465,7,458,16,1,280,3,35,112,11,3.4934497817,0.2183406114,61.135371179,0.6550218341,7.6419213974,24.4541484716,2.4017467249
 0924 - Bureau de vote 0924,0924,552,3,290,4,286,5,0,193,1,20,63,4,1.7482517483,0,67.4825174825,0.3496503497,6.993006993,22.027972028,1.3986013986
 1001 - Bureau de vote 1001,1001,898,5,452,10,442,19,7,290,3,19,97,7,4.2986425339,1.5837104072,65.6108597285,0.6787330317,4.2986425339,21.9457013575,1.5837104072
 1002 - Bureau de vote 1002,1002,843,2,470,7,463,16,8,267,3,37,123,9,3.4557235421,1.7278617711,57.6673866091,0.6479481641,7.9913606911,26.56587473,1.9438444924
 1003 - Bureau de vote 1003,1003,891,2,397,10,387,13,5,297,6,12,44,10,3.3591731266,1.2919896641,76.7441860465,1.5503875969,3.1007751938,11.3695090439,2.5839793282
 1004 - Bureau de vote 1004,1004,900,6,474,6,468,24,6,287,7,36,100,8,5.1282051282,1.2820512821,61.3247863248,1.4957264957,7.6923076923,21.3675213675,1.7094017094
 1005 - Bureau de vote 1005,1005,783,11,434,9,425,14,6,282,6,26,84,7,3.2941176471,1.4117647059,66.3529411765,1.4117647059,6.1176470588,19.7647058824,1.6470588235
 1006 - Bureau de vote 1006,1006,698,4,395,8,387,10,5,254,0,18,92,8,2.5839793282,1.2919896641,65.6330749354,0,4.6511627907,23.7726098191,2.0671834625
 1007 - Bureau de vote 1007,1007,774,6,401,8,393,8,11,236,1,28,106,3,2.0356234097,2.7989821883,60.0508905852,0.2544529262,7.1246819338,26.9720101781,0.7633587786
 1008 - Bureau de vote 1008,1008,688,7,402,8,394,12,5,247,2,11,108,9,3.0456852792,1.269035533,62.6903553299,0.5076142132,2.7918781726,27.4111675127,2.2842639594
 1009 - Bureau de vote 1009,1009,530,4,285,8,277,14,8,175,2,21,55,2,5.0541516245,2.8880866426,63.1768953069,0.7220216606,7.5812274368,19.8555956679,0.7220216606
 1101 - Bureau de vote 1101,1101,688,8,377,3,374,9,8,273,3,9,66,6,2.4064171123,2.1390374332,72.9946524064,0.8021390374,2.4064171123,17.6470588235,1.6042780749
 1102 - Bureau de vote 1102,1102,943,8,473,7,466,16,3,331,1,28,78,9,3.4334763948,0.643776824,71.0300429185,0.2145922747,6.008583691,16.7381974249,1.9313304721
 1103 - Bureau de vote 1103,1103,809,8,497,8,489,25,8,274,9,30,140,3,5.1124744376,1.63599182,56.0327198364,1.8404907975,6.1349693252,28.6298568507,0.6134969325
 1104 - Bureau de vote 1104,1104,774,11,501,13,488,24,8,272,4,43,127,10,4.9180327869,1.6393442623,55.737704918,0.8196721311,8.8114754098,26.0245901639,2.0491803279
 1105 - Bureau de vote 1105,1105,677,9,409,11,398,6,7,195,4,23,156,7,1.5075376884,1.7587939698,48.9949748744,1.0050251256,5.7788944724,39.1959798995,1.7587939698
 1106 - Bureau de vote 1106,1106,672,11,413,7,406,13,6,206,1,29,146,5,3.2019704433,1.4778325123,50.7389162562,0.2463054187,7.1428571429,35.960591133,1.2315270936
 1107 - Bureau de vote 1107,1107,732,2,456,4,452,22,8,284,1,30,103,4,4.8672566372,1.7699115044,62.8318584071,0.2212389381,6.6371681416,22.7876106195,0.8849557522
 1108 - Bureau de vote 1108,1108,741,1,240,3,237,6,1,202,1,6,17,4,2.5316455696,0.4219409283,85.2320675105,0.4219409283,2.5316455696,7.1729957806,1.6877637131
 1109 - Bureau de vote 1109,1109,556,4,238,2,236,10,4,156,1,13,44,8,4.2372881356,1.6949152542,66.1016949153,0.4237288136,5.5084745763,18.6440677966,3.3898305085
 1110 - Bureau de vote 1110,1110,896,7,504,11,493,15,3,300,6,18,144,7,3.0425963489,0.6085192698,60.8519269777,1.2170385396,3.6511156187,29.2089249493,1.4198782961
 1111 - Bureau de vote 1111,1111,825,4,339,5,334,15,4,266,2,5,31,11,4.4910179641,1.1976047904,79.6407185629,0.5988023952,1.497005988,9.2814371257,3.2934131737
 1112 - Bureau de vote 1112,1112,801,10,422,8,414,19,5,237,3,19,123,8,4.5893719807,1.2077294686,57.2463768116,0.7246376812,4.5893719807,29.7101449275,1.9323671498
 1113 - Bureau de vote 1113,1113,959,10,545,10,535,13,2,303,3,30,178,6,2.4299065421,0.3738317757,56.6355140187,0.5607476636,5.6074766355,33.2710280374,1.1214953271
 1114 - Bureau de vote 1114,1114,727,6,380,3,377,16,2,237,4,15,99,4,4.2440318302,0.5305039788,62.8647214854,1.0610079576,3.9787798408,26.2599469496,1.0610079576
 1115 - Bureau de vote 1115,1115,852,8,538,9,529,19,5,268,5,37,190,5,3.5916824197,0.9451795841,50.6616257089,0.9451795841,6.9943289225,35.9168241966,0.9451795841
